이름,원산지,체고,체중,크기,외모,성격,추천성향,주요유의질병,색상,그룹구분,친화성,털빠짐,집지키기,실내외구분
프렌치 불도그 [French Bulldog],프랑스,25~32cm,10~13kg,중형,두터운 뼈대에 매끈한 짧은 털과 작고 쫑긋이 선 귀를 가짐,온순하고 대범하며 사람과 같이 있기를 좋아함,"아파트/단독주택/전원주택, 
                                        어린이/젊은층/노년층, 
                                        운동량 보통","지루성피부염, 
                                        음식알레르기, 
                                        각막염, 
                                        결막염, 
                                        안구탈출, 
                                        폐렴, 
                                        비만",브린들 황갈색,"논스포팅 (일반적인 의미의 비수렵견, 실용견)",보통,많음,부적절,"실내, 
                                        실외"
풍산개 [Poongsan Dog],한국,53~55cm,23~28kg,중형,비교적 작은 눈에 목은 굵고 짧으며 작게 선 귀는 옆을 향함,주인에 대한 충성심이 뛰어나 한번 주인은 영원한 주인,"단독주택/전원주택, 
                                        젊은층/노년층, 
                                        운동량 보통",x,흰색 황색 황백색,한국개,낮음,보통,뛰어남,실외
풀리 [Puli],헝가리,35~45cm,10~17kg,중형,옹골지고 사각형의 좋은 균형과 저절로 꼬이는 털을 가지고 있음,친근하고 영리하며 가족에 대한 사랑이 깊고 세밀한 경계심이 있음,"단독주택/전원주택, 
                                        어린이/젊은층/노년층, 
                                        운동량 많음",x,검은색 회색 흰색,허딩 (일반적인 의미의 목축견),보통,적음,뛰어남,실외
포인터 [Pointer],"영국, 
                                        스페인",56~68cm,23~30kg,대형,근육질의 몸과 귀족적이며 자랑스럽게 갖춰진 머리를 보임,항상 즐거워 보이고 애정이 많아 사람을 잘 따름,"단독주택/전원주택, 
                                        젊은층/노년층, 
                                        운동량 많음",관절염,흰색(적갈색&오렌지색&검붉은색반점),스포팅 (일반적으로 조렵견을 의미),높음,보통,부적절,실외
포메라니안 [Pomeranian],독일,28cm 이하,1.8~2.8kg,소형,"등이 짧고 장식깃털이 많은 꼬리, 조밀한 밑털과 풍성한 겉털을 가짐",원기왕성하고 대담발랄하며 머리회전이 빠르고 곧잘 흥분함,"아파트/단독주택/전원주택, 
                                        어린이/젊은층/노년층, 
                                        운동량 보통","골절, 
                                        구토, 
                                        설사, 
                                        심장판막증, 
                                        심장마비",붉은색 오렌지색 검은색 갈색 초콜릿색 미색 청색 흰색 파티컬러,토이 (일반적으로 애완견을 의미),보통,보통,뛰어남,실내
페키니즈 [Pekingese],중국,20cm정도,2.5~6kg,소형,가슴이 넓고 갈기가 풍성하며 주둥이가 짧고 매우 납작한 얼굴을 함,자신감이 있고 독립심이 강하며 겁내지도 공격적이지도 않음,"아파트/단독주택/전원주택, 
                                        어린이/젊은층/노년층, 
                                        운동량 적음",척추디스크,"다양한색상(알비노,검붉은색제외)",토이 (일반적으로 애완견을 의미),보통,보통,보통,실내
퍼그 [Pug],중국,25~28cm,6~8.5kg,소형,정방형에 땅딸막하고 아래턱이 위턱보다 주둥이가 나와 있음,느긋한 성질과 주인에 대한 애정이 깊고 다정하고 인내심이 강함,"아파트/단독주택/전원주택, 
                                        어린이/젊은층/노년층, 
                                        운동량 보통","급성기관지염, 
                                        폐렴, 
                                        지루성피부염, 
                                        각막염, 
                                        결막염, 
                                        안구탈출, 
                                        비만",은색 살구색 황갈색 검은색,토이 (일반적으로 애완견을 의미),보통,많음,보통,실내
파피용 [Papillon],"프랑스, 
                                        벨기에",20~28cm,4.1~4.5kg,소형,작고 뼈대가 얇고 우아하며 아름다운 나비같은 귀를 가짐,"활기가 넘쳐 명랑, 쾌활하지만 다소 소란스럽고 용기와 애정이 많음","아파트/단독주택/전원주택, 
                                        어린이/젊은층/노년층, 
                                        운동량 보통","골절, 
                                        각막염",흰색&검은색 황갈색얼룩 트라이컬러,토이 (일반적으로 반려견을 의미),높음,보통,부적절,실내
티벳탄 테리어 [Tibetan Terrier],티베트,30~40.5cm,8~12Kg,중형,헝클어지고 덥수룩한 털을 가지고 있고 길고 우아한 꼬리를 가짐,씩씩하고 고집이 세고 유쾌하며 튼튼함,"아파트/단독주택/전원주택, 
                                        어린이/젊은층/노년층, 
                                        운동량 많음",백내장,흰색&황갈색 흰색 검은색 회색 황금색,"논스포팅 (일반적인 의미의 비수렵견, 실용견)",높음,많음,뛰어남,"실내, 
                                        실외"
티벳탄 스파니엘 [Tibetan Spaniel],티베트,25cm정도,4~7Kg,소형,짧은 얼굴을 가진 단두형,발랄 명랑하나 고집스러운 면이 있음,"아파트/단독주택/전원주택, 
                                        어린이/젊은층/노년층, 
                                        운동량 적음",x,다양한색상,"논스포팅 (일반적인 의미의 비수렵견, 실용견)",보통,많음,부적절,"실내, 
                                        실외"
티벳탄 마스티프 [Tibetan Mastiff],티베트,56~71cm,60~최고 99kg,초대형,대부분의 마스티프들보다 긴 털과 등 위로 말려올라간 꼬리,자기 구역에 대한 강한 감각과 그것을 지키려는 본능이 강함,"단독주택/전원주택, 
                                        젊은층, 
                                        운동량 많음",x,황금색&황갈색반점 검은색&황갈색반점 회색 갈색 푸른색,마스티프,낮음,많음,뛰어남,실외
토이 푸들 [Toy Poodle],프랑스,26cm이하,2~3kg,소형,"정사각형의 귀족적 외형과 적당한 균형, 당당한 태도를 지님",매우 활동적이며 명랑하고 지적이어서 훈련능력이 좋음,"아파트/단독주택/전원주택, 
                                        어린이/젊은층/노년층, 
                                        운동량 보통",백내장,검은색 흰색 살구색 청색 미색 등,"논스포팅 (일반적인 의미의 비수렵견, 실용견)",높음,적음,보통,실내
토이 맨체스터 테리어 [Toy Manchester Terrier],영국,25~30cm,3~5kg,소형,"바짝 선 귀와 날렵한 몸매, 볼에 작은 황갈색 반점이 있음",고집이 세고 사람 말을 잘 알아듣고 경계심이 많음,"아파트/단독주택/전원주택, 
                                        어린이/젊은층/노년층, 
                                        운동량 보통",x,검은색&황갈색,토이 (일반적으로 애완견을 의미),낮음,보통,보통,실내
클럼버 스파니엘 [Clumber Spaniel],영국,48~51cm,25~38kg,중형,큰 골격을 가지며 꼬리가 1/3가량 짧게 잘려 낮게 내리고 다님,민첩하고 활발함,"단독주택/전원주택, 
                                        어린이/젊은층/노년층, 
                                        운동량 보통","백내장, 
                                        척추디스크",레몬색&흰색 오렌지색&흰색,스포팅 (일반적으로 조렵견을 의미),보통,많음,보통,실외
쿠바츠 [Kuvasz],헝가리,55~66cm,37~55kg,대형,큰 크기에 튼튼하게 생겼고 균형잡인 몸매에 경쾌한 발걸음을 가짐,총명하고 생기발랄하며 과단성 있고 용감하고 호기심 있음,"단독주택/전원주택, 
                                        젊은층/노년층, 
                                        운동량 많음",x,흰색,워킹 (일반적으로 사역견을 의미),낮음,보통,뛰어남,실외
콜리 [Collie],영국,50~60cm,20~30kg,대형,우아한 긴 털과 완벽한 균형을 가짐,책임감이 강하고 가족에게는 순종하나 신경질적인 면이 있음,"단독주택/전원주택, 
                                        젊은층/노년층, 
                                        운동량 많음",x,흰색트라이컬러 블루멀 흰색,허딩 (일반적인 의미의 목축견),보통,많음,뛰어남,실외
코카시안 오브차카 [Caucasian Ovtcharka],러시아,63~71cm,46~66kg,초대형,키가 비교적 크고 단단하고 튼튼함,자신감이 있고 의지가 강하며 독립심이 강함,"단독주택/전원주택, 
                                        젊은층, 
                                        운동량 많음",x,회색 재색 황갈색 백색 브린들 흑백 얼룩 갈색,워킹 (일반적으로 사역견을 의미),낮음,보통,뛰어남,실외
코몬돌 [Komondor],헝가리,60~65cm,36~69kg,대형,건장하고 자상한 표정과 노끈같은 풍성한 털을 가지고 있음,"사람에 대한 충성심과 보호심, 사려가 깊고 고집스러운 면이 있음","단독주택/전원주택, 
                                        젊은층, 
                                        운동량 보통",백내장,회색 흰색,워킹 (일반적으로 사역견을 의미),보통,적음,뛰어남,실외
케언 테리어 [Cairn Terrier],영국,23~30cm,6~7Kg,소형,튼튼하며 다리가 짧으며 짧은 입과 바짝 선 귀를 가짐,활동적이고 장난을 좋아하며 독립적이고 매우 호기심이 강함,"아파트/단독주택/전원주택, 
                                        어린이/젊은층/노년층, 
                                        운동량 많음",x,다양한색상(흰색제외),테리어,보통,보통,보통,"실내, 
                                        실외"
케리 블루 테리어 [Kerry Blue Terrier],아일랜드,44~54cm,15~18kg,중형,튼튼하고 좋은 균형을 이룬 훌륭한 체격을 가진 늘씬한 개,무뚝뚝하며 용감하며 고집스럽고 주인에게 한결같이 순종함,"단독주택/전원주택, 
                                        어린이/젊은층/노년층, 
                                        운동량 보통",백내장,은청색 청회색,테리어,보통,적음,뛰어남,실외
컬리 코티드 리트리버 [Curly Coated Retriever],영국,62~68cm,32~35Kg,대형,조밀하며 물에 잘 젖지 않으며 관리가 쉬운 곱슬거리는 털이 특징,자신감이 있고 기민하고 유순하면서 독립적인 성향이 있음,"단독주택/전원주택, 
                                        어린이/젊은층/노년층, 
                                        운동량 많음","백내장, 
                                        관절염",검은색 적갈색,스포팅 (일반적으로 조렵견을 의미),보통,적음,보통,실외
카바리에 킹 찰스 스파니엘 [Cavalier King Charles Spaniel],영국,30~33cm,5.4~8.2kg,소형,길고 아름다운 여러 색상의 털과 몸통과의 균형을 맞춰 단미함,활발하고 친절하며 겁없고 모험적이나 유순하고 애정이 풍부함,"아파트/단독주택/전원주택, 
                                        어린이/젊은층/노년층, 
                                        운동량 보통",x,검은색&흰색 적색 적색&흰색 검은색&백색&적색,"논스포팅 (일반적인 의미의 비수렵견, 실용견)",높음,보통,부적절,실내
치와와 [Chihuahua],멕시코,13~22cm,3kg이하,초소형,쾌활한 표정에 다부지며 재빠르게 움직임,기민하고 용감하고 호기심이 강한 테리어 기질이 있음,"아파트/단독주택/전원주택, 
                                        어린이/젊은층/노년층, 
                                        운동량 적음","골절, 
                                        지루성피부염, 
                                        외이염, 
                                        충치, 
                                        구내염, 
                                        당뇨, 
                                        유루증",황갈색 청색 초콜릿색 검은색,토이 (일반적으로 애완견을 의미),보통,보통,뛰어남,실내
체사피크 베이 리트리버 [Chesapeake Bay Retriever],미국,58~66cm,29~34kg,대형,가을의 자연 환경과 맞추어 보호색 역할을 하는 죽은 풀빛의 털색,"물을 좋아하고 밝고 좋은 성품과 용기, 일하려는 욕구를 가짐","단독주택/전원주택, 
                                        어린이/젊은층/노년층, 
                                        운동량 많음",관절염,갈색 황갈색,스포팅 (일반적으로 조렵견을 의미),높음,보통,보통,실외
차이니즈 크레스티드 [Chinese Crested],"중국, 
                                        아프리카",23~33cm,2~5kg,소형,가는 뼈대에 고상하고 우아한 외관,쾌활하고 기민하며 장난스러움,"아파트/단독주택/전원주택, 
                                        어린이/젊은층/노년층, 
                                        운동량 적음",x,단색얼룩,토이 (일반적으로 애완견을 의미),보통,적음,부적절,실내
차이니즈 샤페이 [Chinese Shar-pei],중국,46~51cm,16~21kg,중형,비율적으로 약간 큰 머리와 쭈글쭈글한 주름살이 돋보임,주인을 잘 따르고 듬직하며 다른 개들과 함께 있는 것을 싫어함,"단독주택/전원주택, 
                                        젊은층, 
                                        운동량 보통",붉은색 검은색 황갈색 미색,"논스포팅 (일반적인 의미의 비수렵견, 실용견)",낮음,보통,실외,,
차우차우 [Chowchow],중국,45~55cm,20~30kg,중형,"강한 근육질과 두터운 뼈대, 사자같은 장식털이 돋보임","예리한 영민함과 독립성, 낯선 사람에 대한 경계심이 강함","단독주택/전원주택, 
                                        젊은층/노년층, 
                                        운동량 많음","지루성피부염, 
                                        백선, 
                                        음식알레르기, 
                                        탈모증, 
                                        신장염",붉은색 미색 황갈색 검은색 청색,"논스포팅 (일반적인 의미의 비수렵견, 실용견)",낮음,많음,뛰어남,실외
진돗개 [Jindo Dog],한국,45~53cm,15~20kg,중형,역삼각형의 머리와 곧게 선 귀가 특징,"수렵에 대한 강한 본능과 대담, 용감하며 신중하고 맹렬함","단독주택/전원주택, 
                                        어린이/젊은층/노년층, 
                                        운동량 보통",x,황색 흰색 검은색 브린들,한국개,낮음,보통,뛰어남,실외
제페니스 친 [Japanese Chin],일본,23cm정도,3kg정도,소형,작고 잘 잡힌 균형과 장식 깃털로 된 꼬리를 등 위로 들고다님,귀엽고 예민하며 깨끗하고 총명하며 어떤 집안 생활이든 적응을 잘함,"아파트/단독주택/전원주택, 
                                        어린이/젊은층/노년층, 
                                        운동량 적음",백내장,검은색&흰색 붉은색&흰색 황갈색반점,토이 (일반적으로 애완견을 의미),보통,보통,부적절,실내
제페니스 스피츠 [Japanese Spitz],일본,30~35cm,6~10kg,중형,"순백의 털과 장식털이 많은 꼬리, 뾰족한 얼굴과 일어선 귀를 가짐",총명하고 용감하며 쾌활하고 가족과 어울리는 것을 좋아함,"아파트/단독주택/전원주택, 
                                        어린이/젊은층/노년층, 
                                        운동량 보통",x,흰색,"논스포팅 (일반적인 의미의 비수렵견, 실용견)",보통,많음,뛰어남,"실내, 
                                        실외"
저먼 와이어헤어드 포인터 [German Wirehaired Pointer],독일,61~66cm,27~32kg,대형,이상적으로 크고 튼튼하며 개구장이같은 눈썹과 수염을 가짐,많은 운동량을 충족시켜주지 못하면 파괴적인 장난으로 바뀔 수 있음,"단독주택/전원주택, 
                                        젊은층/노년층, 
                                        운동량 많음","백내장, 
                                        관절염",적갈색 적갈색&흰반점 검은색&흰색바이칼라,스포팅 (일반적으로 조렵견을 의미),보통,보통,보통,실외
저먼 쇼트헤어드 포인터 [German Shorthaired Pointer],독일,58~64cm,25~32kg,대형,"짧고 거대한 체구, 길다란 귀와 매우 느린 걸음걸이를 가짐",다정하고 어린아이들과도 잘 어울리며 친근하고 영민함,"단독주택/전원주택, 
                                        젊은층/노년층, 
                                        운동량 많음",x,갈색 갈색&흰색점,스포팅 (일반적으로 조렵견을 의미),보통,적음,부적절,실외
저먼 셰퍼드 도그 [German Shepherd Dog],독일,55~66cm,34~44kg,대형,좋은 근육질과 매끈한 곡선의 외형을 지님,용맹하나 사납지 않고 냉정하고 침착함,"단독주택/전원주택, 
                                        젊은층/노년층, 
                                        운동량 많음",당뇨,다갈색,허딩 (일반적인 의미의 목축견),보통,많음,뛰어남,실외
잭 러셀 테리어 [Jack Russel Terrier],영국,23~38cm,5~6kg,중형,"거칠고 방수성이 있는 털, 다부진 구조와 분명한 실루엣의 외모",과감하고 우호적이며 운동을 좋아하고 영리하며 강인함,"아파트/단독주택/전원주택, 
                                        어린이/젊은층/노년층, 
                                        운동량 많음",x,흰색,테리어,보통,보통,보통,"실내, 
                                        실외"
자이언트 슈나우저 [Giant Schnauzer],독일,59~70cm,32~35kg,대형,튼튼하고 강하게 생겼으며 근육이 매우 발달됨,훈련이 잘 되고 가족에게 충성하며 주의 깊음,"단독주택/전원주택, 
                                        젊은층/노년층, 
                                        운동량 많음",x,솔트&페퍼 검은색 검은색&황갈색,워킹 (일반적으로 사역견을 의미),보통,보통,보통,실외
잉글리시 코카 스파니엘 [English Cocker Spaniel],영국,38~40cm,13~15kg,중형,자세가 안정되며 힘있고 매끄러운 움직임과 과장없는 전체의 균형,즐겁고 친밀하며 일하고자 하는 믿음을 주는 적극적인 동반자,"아파트/단독주택/전원주택, 
                                        어린이/젊은층/노년층, 
                                        운동량 보통","백내장, 
                                        간질, 
                                        심장판막증, 
                                        심장마비",다양한색상,스포팅 (일반적으로 조렵견을 의미),높음,많음,보통,"실내, 
                                        실외"
잉글리시 스프링거 스파니엘 [English Springer Spaniel],영국,48~51cm,23~25kg,중형,"꽉 짜여진 몸과 단미한 꼬리, 늘어진 귀와 단단한 구성을 가짐",배움이 빠르고 순종적이고 유순함,"단독주택/전원주택, 
                                        어린이/젊은층/노년층, 
                                        운동량 많음","간질, 
                                        결막염, 
                                        각막염",검은색 흰색 검붉은색&흰색 검은색&황갈색&흰색 검붉은색&황갈색&흰색,스포팅 (일반적으로 조렵견을 의미),높음,보통,보통,실외
잉글리시 세터 [English Setter],영국,60~70cm,25~30kg,대형,우아하고 견고하며 대칭적인 풍채의 이상적인 조합을 가짐,부드럽고 친밀하며 친근하지만 귀소본능이 낮음,"단독주택/전원주택, 
                                        젊은층/노년층, 
                                        운동량 많음","결막염, 
                                        각막염, 
                                        지루성피부염, 
                                        탈모증, 
                                        백선, 
                                        관절염",트라이컬러,스포팅 (일반적으로 조렵견을 의미),높음,많음,부적절,실외
이탈리안 그레이하운드 [Italian Greyhound],이탈리아,33~38cm,3.5kg정도,소형,그레이하운드보다 모든 비례에 있어 훨씬 작고 더 야위었으며 세련됨,완고하나 사람이나 다른 개들에게 붙임성이 있고 깔끔한 성격,"아파트/단독주택/전원주택, 
                                        어린이/젊은층/노년층, 
                                        운동량 많음",x,황갈색 붉은색 회색 미색 흰색,토이 (일반적으로 애완견을 의미),높음,보통,부적절,실내
웰시 테리어 [Welsh Terrier],영국,35~39cm,8kg정도,중형,"거친 털과 검정색 재킷, 산을 오를 정도의 충분히 긴다리",수영을 좋아하고 눈치빠르고 우호적이며 자기 조절을 잘함,"아파트/단독주택/전원주택, 
                                        어린이/젊은층/노년층, 
                                        운동량 많음","각막염, 
                                        결막염",검은색 황갈색 그리즐 황갈색,테리어,높음,많음,뛰어남,"실내, 
                                        실외"
웰시 코기 [Welsh Corgi],영국,25~30.5cm,13kg정도,중형,낮게 위치하며 튼튼하고 단단하고 작게 형성됨,자신감 있고 친절하며 수줍거나 사납지 않음,"아파트/단독주택/전원주택, 
                                        어린이/젊은층/노년층, 
                                        운동량 많음","각막염, 
                                        결막염, 
                                        척추디스크",붉은색 세이블 검은색&황갈색 황갈색 흰반점,허딩 (일반적인 의미의 목축견),보통,많음,보통,"실내, 
                                        실외"
웨스트 하이랜드 화이트 테리어 [West Highland White Terrier],영국,25~28cm,7.5~10kg,중형,"작고 균형있으며 근육질의 뒷다리, 희고 부드러운 흰 털을 가짐",쾌할하고 용기있고 자신을 신뢰하면서도 우호적임,"아파트/단독주택/전원주택, 
                                        어린이/젊은층/노년층, 
                                        운동량 많음","지루성피부염, 
                                        음식알레르기, 
                                        탈모증, 
                                        백선",흰색,테리어,높음,보통,뛰어남,"실내, 
                                        실외"
요크셔 테리어 [Yorkshire Terrier],영국,23cm정도,3.5kg정도,소형,털이 길고 몸체는 깔끔하고 암팡지며 비례를 이루고 있음,겁이 없고 활발함과 생기가 넘치며 응석을 잘 부리고 자립심이 강함,"아파트/단독주택/전원주택, 
                                        어린이/젊은층/노년층, 
                                        운동량 보통","지루성피부염, 
                                        구토, 
                                        설사, 
                                        심장판막증, 
                                        심장마비",암청회색&황갈색&황금색,토이 (일반적으로 애완견을 의미),높음,보통,뛰어남,실내
와이어헤어드 포인팅 그리폰 [Wirehaired Pointing Griffon],프랑스,56~61cm,23~27kg,중형,빳빳하고 억센 털과 단미한 꼬리를 가짐,물을 좋아하고 총명하며 영리하고 활동적임,"단독주택/전원주택, 
                                        젊은층/노년층, 
                                        운동량 많음",x,순밤색 흰색반점&밤색 잿빛반점&밤색,스포팅 (일반적으로 조렵견을 의미),보통,보통,보통,실외
와이마라너 [Weimaraner],독일,56~69cm,32~39Kg,대형,적당히 길고 귀족스러운 얼굴과 적절한 길이로 직선을 보이는 몸체,친근하고 겁이 없으며 기민하고 순종적임,"단독주택/전원주택, 
                                        젊은층/노년층, 
                                        운동량 많음",관절염,암청회색 은회색,스포팅 (일반적으로 조렵견을 의미),낮음,보통,보통,실외
올드 잉글리시 쉽독 [Old English Sheepdog],영국,55~60cm,29~30kg,대형,튼튼하고 옹골지며 균형잡힌 사각형 몸매에 과하지 않은 털을 지님,적응력이 강하고 균일한 성품의 영리함을 갖추고 있음,"단독주택/전원주택, 
                                        어린이/젊은층/노년층, 
                                        운동량 많음","결막염, 
                                        각막염, 
                                        백내장, 
                                        당뇨",청색 회색 블루멀&흰 얼룩 흰색&블루멀얼룩,허딩 (일반적인 의미의 목축견),높음,많음,부적절,실외
오스트레일리안 테리어 [Australian Terrier],오스트레일리아,25cm정도,5~6kg,소형,황갈색이 더 많이 섞여 있는 털과 반짝이는 눈을 가짐,자신감과 용기가 있고 조용하고 다정다감함,"아파트/단독주택/전원주택, 
                                        어린이/젊은층/노년층, 
                                        운동량 많음","당뇨, 
                                        관절염",푸른색 황갈색 모래빛,테리어,보통,보통,뛰어남,"실내, 
                                        실외"
에어데일 테리어 [Airedale Terrier],영국,56~61cm,20kg정도,대형,큰 몸짓과 견고하고 뻣뻣한 털을 가진 강인한 외관,"용맹성과 충성심이 뛰어나지만, 변덕스럽고 제멋대로인 성품","단독주택, 
                                        젊은층, 
                                        운동량 많음",x,황갈색 검은색,테리어,보통,적음,뛰어남,실외
알래스칸 맬러뮤트 [Alaskan Malamute],미국,55~70cm,34~39kg,대형,힘있고 튼실하며 깊은 가슴과 잘 다듬어진 근육질 몸매,애정 넘치고 친구가 되는 개이며 참을성이 많고 온순하며 조용한성품,"단독주택/전원주택, 
                                        젊은층, 
                                        운동량 많음","관절염, 
                                        신장염",검은색 회색 다갈색 흰색,워킹 (일반적으로 사역견을 의미),보통,많음,뛰어남,실외
아프간 하운드 [Afghan Hound],아프가니스탄,65~75cm,23~27kg,대형,긴 비단결 같은 털을 가진 위엄 있고 귀족적인 외관,경계심을 보이며 품위있으나 명랑한 성품,"단독주택/전원주택, 
                                        젊은층, 
                                        운동량 많음",백내장,황갈색 황금색 미색 붉은색 청색 흰색 회색 브린들 트라이컬러,하운드 (일반적인 의미의 수렵견),낮음,많음,부적절,실외
아펜핀셔 [Affenpinscher],독일,26~27cm,3~4kg,소형,"납작하고 들려진 코와 짧게 자른 귀, 튀어나온 눈과 수염을 가짐",재빠르고 침착하며 흥분할 때 굴하지 않는 완강함을 가짐,"아파트, 
                                        어린이/젊은층/노년층, 
                                        운동량 보통",x,검은색 검은색&황갈색 붉은색&어두운색,토이 (일반적으로 애완견을 의미),낮음,보통,뛰어남,실내
아키타 [Akita],일본,61~71cm,34~50kg,대형,"힘이 넘치고 기민하며, 골량이 풍부하며 중량감 있는 외관",모든 동물들에게 공격적이나 가족에게는 무척 자애로운 성품,"단독주택/전원주택, 
                                        젊은층, 
                                        운동량 많음",관절염,황색 붉은색 브린들 후추색 흰색,워킹 (일반적으로 사역견을 의미),낮음,많음,뛰어남,실외
아이리쉬 테리어 [Irish Terrier],아일랜드,45cm정도,11~12.5kg,중형,비례 조화가 절대적으로 균형을 이루며 쭉빠진 외곽선이 우아함,사랑스럽고 사람에게 절대 충성하며 생기발랄함,"단독주택/전원주택, 
                                        젊은층/노년층, 
                                        운동량 많음",백내장,붉은색,테리어,높음,보통,뛰어남,실외
아이리쉬 워터 스파니엘 [Irish Water Spaniel],아일랜드,53~61cm,21~30Kg,중형,근육질 몸과 구불거리거나 곱슬거리는 털을 가짐,영민하고 친근하며 사람을 즐겁게 하려는 욕구를 가짐,"단독주택/전원주택, 
                                        젊은층/노년층, 
                                        운동량 많음","백내장, 
                                        간질",적갈색 갈색 초콜릿색,스포팅 (일반적으로 조렵견을 의미),보통,적음,보통,실외
아이리쉬 울프하운드 [Irish Wolfhound],아일랜드,81~86cm,40~55kg,초대형,하운드 중 체구와 키가 가장 크며 거친 털과 상당한 근육질을 가짐,온순하고 차분하며 싸움을 걸지도 않음,"단독주택/전원주택, 
                                        젊은층, 
                                        운동량 많음","관절염, 
                                        각막염, 
                                        결막염",회색 브린들 붉은색 검은색 황갈색 흰색,하운드 (일반적인 의미의 수렵견),보통,적음,보통,실외
아이리쉬 세터 [Irish Setter],아일랜드,64~69cm,27~32kg,대형,진한 붉은색을 가지며 육중하지만 우아한 형상을 가짐,매우 활동적이며 항상 가만히 있지를 못하고 놀아주기를 바람,"단독주택/전원주택, 
                                        젊은층/노년층, 
                                        운동량 많음",간질,적갈색 붉은색 적갈색 밤색,스포팅 (일반적으로 조렵견을 의미),높음,많음,부적절,실외
아메리칸 코카 스파니엘 [American Cocker Spaniel],미국,36~38cm,9~16kg,중형,전체적으로 꽉 짜인 완벽한 균형과 세련된 머리를 가짐,낙천적이며 사람을 즐겁게 만들고 순종을 잘하는 성품,"아파트/단독주택/전원주택, 
                                        어린이/젊은층/노년층, 
                                        운동량 많음","외이염, 
                                        백내장, 
                                        지루성피부염, 
                                        백선, 
                                        음식알레르기, 
                                        간질",검은색 파티컬러(2색이상무늬) 황갈색반점,스포팅 (일반적으로 조렵견을 의미),높음,보통,보통,"실내, 
                                        실외"
실키 테리어 [Silky Terrier],오스트레일리아,23cm정도,3~4.5Kg,소형,쫑긋 선 귀와 짧게 잘려진 꼬리를 가짐,예민한 기민성과 우호적이며 고집이 강함,"아파트/단독주택/전원주택, 
                                        어린이/젊은층/노년층, 
                                        운동량 보통",x,청색 황갈색,토이 (일반적으로 애완견을 의미),낮음,보통,뛰어남,실내
실리함 테리어 [Sealyham Terrier],영국,25~28cm,8~10.5kg,중형,"짧은 다리와 늘어진 귀, 뻣뻣한 털을 가지고 있음",용감하고 자신감에 차 있으며 독립심이 강함,"아파트/단독주택/전원주택, 
                                        어린이/젊은층/노년층, 
                                        운동량 보통","각막염, 
                                        결막염, 
                                        척추디스크",흰색 흰색&레몬색,테리어,낮음,적음,보통,"실내, 
                                        실외"
시츄 [Shih Tzu],티베트,22~27cm,5.4~6.8Kg,소형,멋지게 늘어진 2중모와 등 위로 곡선을 그리는 꼬리가 특징,사교적이고 친근하고 영리하며 가끔 고집을 부리기도 함,"아파트/단독주택/전원주택, 
                                        어린이/젊은층/노년층, 
                                        운동량 보통","외이염, 
                                        신장염",다양한색상,토이 (일반적으로 애완견을 의미),높음,보통,부적절,실내
시베리안 허스키 [Siberian Husky],시베리아,50~60cm,16~27kg,중형,"쫑긋한 귀와 빗자루 같은 꼬리, 적당한 근육을 가짐",쌀쌀맞고 무뚝뚝하나 사람을 좋아하고 주인의 기분을 잘 헤아림,"단독주택/전원주택, 
                                        어린이/젊은층/노년층, 
                                        운동량 많음","결막염, 
                                        각막염",흰색이 들어있으면 어떤 색도 좋음,워킹 (일반적으로 사역견을 의미),보통,많음,부적절,실외
시바 이누 [Shiba Inu],일본,36~40cm,9~14kg,중형,"잘 발달한 근육과 일어선 귀, 꼬리가 등에 올라붙음",대담하며 독립성이 있고 활발하고 주인에게 충실함,"단독주택/전원주택, 
                                        어린이/젊은층/노년층, 
                                        운동량 보통","지루성피부염, 
                                        음식알레르기",붉은색 참깨색 후추색 검은색 갈색,"논스포팅 (일반적인 의미의 비수렵견, 실용견)",낮음,보통,뛰어남,실외
스탠더드 푸들 [Standard Poodle],프랑스,38cm이상,21~34kg,대형,귀족적 외형과 적당한 균형을 가진 푸들 변종 중 가장 큰 개,활동적이며 지적이고 점잖은 성품,"단독주택/전원주택, 
                                        어린이/젊은층/노년층, 
                                        운동량 보통","결막염, 
                                        각막염, 
                                        유루증, 
                                        백내장, 
                                        간질",검은색 흰색 살구색 청색 미색,"논스포팅 (일반적인 의미의 비수렵견, 실용견)",보통,적음,보통,실외
스타포드셔 불 테리어 [Staffordshire Bull Terrier],영국,36~41cm,11~17.5Kg,중형,근육질이고 민첩하며 강하고 스무드털의 개,"불굴의 용기와 고도의 지능, 끈기를 가지고 있음","단독주택/전원주택, 
                                        젊은층/노년층, 
                                        운동량 많음",x,붉은색 황갈색 검은색 청색,테리어,보통,보통,뛰어남,실외
스코티시 테리어 [Scottish Terrier],영국,25~28cm,8~10.5kg,중형,작고 옹골지며 짧은 다리의 튼튼하게 구성된 견종,의욕이 많고 생각이 깊으며 열정적이지만 안정적이고 경계심이 많음,"아파트/단독주택/전원주택, 
                                        어린이/젊은층/노년층, 
                                        운동량 보통",x,검은색 브린들 회색 밀색,테리어,낮음,적음,뛰어남,"실내, 
                                        실외"
스카이 테리어 [Sky Terrier],영국,25cm정도,11.5kg정도,중형,쫑긋 선 귀와 길고 강력한 꼬리를 가짐,주인만 따르며 낯선 사람에게는 다소 경계적임,"단독주택/전원주택, 
                                        어린이/젊은층/노년층, 
                                        운동량 보통",x,검은색 회색 황갈색 크림색,테리어,낮음,보통,뛰어남,실외
소프트 코티드 휘튼 테리어 [Soft-Coated Wheaten Terrier],아일랜드,46~48cm,16~20kg,중형,외곽선이 사각형이며 밀색의 털이 완만하게 곱슬거림,명랑하고 밝고 수렵욕구가 강하며 주인을 잘 따름,"단독주택/전원주택, 
                                        어린이/젊은층/노년층, 
                                        운동량 많음",x,밀색 벌꿀색,테리어,보통,보통,보통,실외
셰틀랜드 쉽독 [Shetland Sheepdog],영국,35~40cm,8~12kg,중형,콜리를 닮은 외모에 주둥이가 앞으로 나오고 귀가 반쯤 일어섬,친밀하고 주인에게 반응적이며 매우 충성스러움,"단독주택/전원주택, 
                                        어린이/젊은층/노년층, 
                                        운동량 보통","각막염, 
                                        결막염, 
                                        간질",세이블&흰색 트라이컬러 검은색&흰색 블루멀,허딩 (일반적인 의미의 목축견),보통,많음,보통,실외
세인트 버나드 [Saint Bernard],스위스,60~70cm,50~90kg,초대형,머리가 크고 폭이 넓으며 깊은 눈에 볼을 따라 늘어져 있음,상냥하고 온화하여 아이들하고도 잘 어울림,"단독주택/전원주택, 
                                        젊은층, 
                                        운동량 보통",x,붉은색&흰색 흰색&붉은색 브린들 블레이즈,워킹 (일반적으로 사역견을 의미),보통,보통,뛰어남,실외
서섹스 스파니엘 [Sussex Spaniel],영국,33~38cm,18~20Kg,중형,"짧고 육중하며 긴 몸, 냄새를 맡을 때 혀를 내미는 습관이 있음",친근하고 쾌활하며 유순한 성격을 지님,"단독주택/전원주택, 
                                        어린이/젊은층/노년층, 
                                        운동량 많음",x,금적색,스포팅 (일반적으로 조렵견을 의미),보통,보통,보통,실외
삽살개 [Sapsaree],한국,49~52cm,17~19kg,중형,길고 두터운 외투와 긴 털이 눈을 가리고 있음,용감하고 당당하며 주인에게 관심이 많고 충성심이 강함,"단독주택/전원주택, 
                                        어린이/젊은층/노년층, 
                                        운동량 보통",x,청흑색 담황색,한국개,보통,보통,뛰어남,실외
살루키 [Saluki],이란,58~71cm,22.5Kg정도,대형,"장방형의 머리와 각지고 폭이 좁은 입, 앞쪽으로 늘어진 귀를 가짐",주인만을 따르며 그밖의 사람은 가족이라도 덤덤하게 대함,"단독주택/전원주택, 
                                        젊은층/노년층, 
                                        운동량 많음","심장판막증, 
                                        심장마비",흰색 미색 황갈색 황금색 붉은색 청색&황갈색 검은색&황갈색 트라이컬러,하운드 (일반적인 의미의 수렵견),낮음,보통,부적절,실외
사우스 러시안 오브차카 [South Russian Ovtcharka],러시아,63~86cm,50~70kg,초대형,거대한 몸에 많은 털을 가짐,순발력이 뛰어나며 공격적이지는 않지만 충분히 보호적이며 지적임,"단독주택/전원주택, 
                                        젊은층, 
                                        운동량 많음",x,갈색 회색 흰색,허딩 (일반적인 의미의 목축견),낮음,많음,뛰어남,실외
사모예드 [Samoyed],러시아,45~55cm,23~30kg,중형,근육질에 가슴은 깊고 다리가 적당히 길며 알맞게 굽은 뒷무릎,"총명, 충직하고 역동적이며 우호적이며 적응을 잘함","단독주택/전원주택, 
                                        어린이/젊은층/노년층, 
                                        운동량 많음","당뇨, 
                                        백내장",흰색 미색,워킹 (일반적으로 사역견을 의미),높음,많음,부적절,실외
비즐라 [Vizsla],헝가리,57~65cm,22~30Kg,대형,길고 튼튼한 다리의 늘씬한 체구를 가진 노란색 개,친밀하고 예민하면서도 겁이 없고 발달한 보호본능을 가짐,"단독주택/전원주택, 
                                        젊은층/노년층, 
                                        운동량 많음",x,황금색,스포팅 (일반적으로 조렵견을 의미),높음,보통,보통,실외
비어디드 콜리 [Bearded Collie],영국,50~54cm,18~27kg,중형,몸은 길고 늘씬하지만 튼튼하게 구성된 반면 무거워 보이지 않음,"책임감이 강하고 우호적이며, 명랑하고 활동적","단독주택/전원주택, 
                                        젊은층/노년층, 
                                        운동량 많음",백내장,회색 황갈색 흰색,허딩 (일반적인 의미의 목축견),높음,많음,보통,실외
비숑 프리제 [Bichon Frise],"프랑스, 
                                        벨기에",24~29cm,5~8kg,소형,흰 솜사탕 같은 외모와 작고 단단한 외관,독립심이 강하며 세심하고 친밀하며 명랑함,"아파트/단독주택/전원주택, 
                                        어린이/젊은층/노년층, 
                                        운동량 보통","백내장, 
                                        간질",흰색 미색 살구색,"논스포팅 (일반적인 의미의 비수렵견, 실용견)",높음,적음,부적절,"실내, 
                                        실외"
비글 [Beagle],영국,"33cm이하, 33~38cm","10~14kg, 11~16kg",중형,늘어진 귀와 눈을 치켜뜨고 쳐다보는 모습이 인상적,느긋한 성질을 가지고 있으며 쾌활하고 명랑한 응석꾸러기같은 성품,"단독주택/전원주택, 
                                        어린이/젊은층/노년층, 
                                        운동량 많음","외이염, 
                                        백내장, 
                                        비만, 
                                        간질",흰색&검은색&황갈색,하운드 (일반적인 의미의 수렵견),보통,적음,보통,실외
블러드 하운드 [Bloodhound],벨기에,58~69cm,35~50kg,대형,길게 늘어진 귀와 슬퍼 보이는 얼굴에 많은 주름을 가짐,추적에 대한 강한 본능과 집착성을 가지고 일을 하도록 길러짐,"단독주택/전원주택, 
                                        젊은층/노년층, 
                                        운동량 많음",x,검은색&황갈색 적갈색&황갈색,하운드 (일반적인 의미의 수렵견),보통,보통,보통,실외
브리타니 [Brittany],프랑스,47~50cm,13~18kg,중형,몸집이 작고 점이 도드라져 독특하고 뛰어나 보이는 외관,유순하고 순종적으로 초보 사냥가들에게 적합,"단독주택/전원주택, 
                                        어린이/젊은층/노년층, 
                                        운동량 많음","심장판막증, 
                                        심장마비",오렌지색&흰색 검붉은색&흰색,스포팅 (일반적으로 조렵견을 의미),보통,보통,보통,실외
브리아드 [Briard],프랑스,56~69cm,35kg정도,대형,숱이 많고 방수가 되는 털과 건장함을 가짐,겁이 없고 결코 주춤거리지 않으며 빈틈 없고 경계에 능함,"단독주택/전원주택, 
                                        어린이/젊은층/노년층, 
                                        운동량 많음",x,다양한색상(흰색제외),허딩 (일반적인 의미의 목축견),보통,많음,보통,실외
브루셀 그리폰 [Brussels Griffon],벨기에,18~20cm,2.5~5.5Kg,소형,굵직하고 짧은 몸체와 사람같은 표정으로 관심을 끄는 개,다정다감하고 사람을 잘 따르며 총명하고 자기를 아주 존중함,"아파트/단독주택/전원주택, 
                                        어린이/젊은층/노년층, 
                                        운동량 보통",x,적갈색 검은색,토이 (일반적으로 애완견을 의미),높음,적음,부적절,"실내, 
                                        실외"
불도그 [Bulldog],영국,30~35cm,23~25kg,중형,"짧은 다리와 높게 위치한 코, 윗턱보다 아랫턱이 나온 모습을 가짐",부드럽고 온순하고 침착하나 화가 나면 만만치 않음,"아파트/단독주택/전원주택, 
                                        젊은층/노년층, 
                                        운동량 적음","각막염, 
                                        결막염, 
                                        안구탈출, 
                                        백내장",브린들 흰색 붉은색 황갈색 흰색&붉은색 흰색&검은색,"논스포팅 (일반적인 의미의 비수렵견, 실용견)",높음,보통,부적절,"실내, 
                                        실외"
불 테리어 [Bull Terrier],영국,48~56cm,20~25kg,중형,근육질이며 대칭적이며 활동적인 외관,명랑하고 참을성이 많지만 굴욕에는 참지 않음,"단독주택/전원주택, 
                                        젊은층/노년층, 
                                        운동량 많음","결막염, 
                                        각막염, 
                                        심장판막증, 
                                        신장염, 
                                        지루성피부염, 
                                        탈모증, 
                                        백선",흰색 브린들 브린들&흰색 검은색&흰색 붉은색&흰색,테리어,보통,보통,뛰어남,실외
불 마스티프 [Bullmastiff],영국,65~70cm,42~60kg,초대형,대칭적이며 힘있게 짜여져 있고 강하게 보임,두려움이 없고 총명하며 자기 가족을 보호하려는 기질이 강함,"단독주택/전원주택, 
                                        젊은층, 
                                        운동량 많음","결막염, 
                                        각막염, 
                                        안구탈출, 
                                        관절염",은색 살구색 황갈색 브린들,워킹 (일반적으로 사역견을 의미),보통,보통,뛰어남,실외
부비에 데 플랑드르 [Bouvier Des Flandres],"프랑스, 
                                        벨기에",61~68cm,40kg정도,대형,할아버지의 모습과 같은 단단한 머리와 거친 털과 수염을 가짐,주인에게 매우 순종적이며 애정이 넘침,"단독주택/전원주택, 
                                        젊은층/노년층, 
                                        운동량 많음","심장마비, 
                                        간질",검은색 황갈색 솔트&페퍼,허딩 (일반적인 의미의 목축견),보통,보통,뛰어남,실외
복서 [Boxer],독일,59~63cm,25~32kg,대형,이상적 중간급 크기에 사각형 모양을 갖춤,인내심이 강하고 자제력이 많고 예리한 판단력을 가짐,"단독주택/전원주택, 
                                        젊은층/노년층, 
                                        운동량 많음","각막염, 
                                        지루성피부염, 
                                        백선, 
                                        음식알레르기, 
                                        심장판막증",황갈색 브린들 블랙마스크,워킹 (일반적으로 사역견을 의미),보통,적음,뛰어남,실외
보스턴 테리어 [Boston Terrier],미국,25~40cm,4.5~11.4kg,중형,전체적으로 완벽한 균형과 이상적인 크기를 갖춘 외관,예민하고 질투심이 많음,"아파트/단독주택/전원주택, 
                                        어린이/젊은층/노년층, 
                                        운동량 보통","백내장, 
                                        간질, 
                                        심장판막증, 
                                        심장마비",브린들 흰색 검은색,"논스포팅 (일반적인 의미의 비수렵견, 실용견)",보통,많음,부적절,실내
보르조이 [Borzoi],러시아,70~80cm,35~45kg,초대형,"늘씬한 다리와 초연한 눈매, 물결치는 긴 털을 가짐",가까이 와서 기대는 정도로 애정을 나타내는 성품,"단독주택/전원주택, 
                                        젊은층, 
                                        운동량 많음","결막염, 
                                        각막염, 
                                        심장판막증, 
                                        심장마비",다양한색상,하운드 (일반적인 의미의 수렵견),낮음,많음,보통,실외
보더 테리어 [Border Terrier],영국,25~28cm,6~7kg,소형,긴 다리와 몸을 보호해 주는 짧고 거친 털을 가짐,예민하나 순종적이고 끈기와 용기가 있음,"아파트/단독주택/전원주택, 
                                        어린이/젊은층/노년층, 
                                        운동량 보통","결막염, 
                                        각막염, 
                                        신장염, 
                                        심장판막증, 
                                        심장마비, 
                                        지루성피부염, 
                                        백선",붉은색 청색&황갈색 그리즐&황갈색 밀색,테리어,보통,적음,보통,"실내, 
                                        실외"
보더 콜리 [Border Collie],영국,48~53cm,18~23kg,중형,좋은 균형의 강건한 외형을 가진 견종,활력적이고 민첩하며 의욕적이고 친구에게 다정함,"단독주택/전원주택, 
                                        어린이/젊은층/노년층, 
                                        운동량 많음","결막염, 
                                        각막염, 
                                        간질",검은색 황갈색&흰색 블루멀,허딩 (일반적인 의미의 목축견),높음,많음,뛰어남,실외
벨지안 쉽도그 터뷰렌 [Belgian Sheepdog Tervuren],벨기에,56~66cm,28kg정도,대형,거칠어 보이나 만지면 부드러운 털과 좋은 근육질을 가짐,사람의 마음을 살필 줄 알고 질투심과 소유욕이 강함,"단독주택/전원주택, 
                                        젊은층/노년층, 
                                        운동량 많음",x,황갈색 적갈색 블랙마스크,허딩 (일반적인 의미의 목축견),보통,많음,뛰어남,실외
벨지안 쉽도그 말리노이즈 [Belgian Sheepdog Malinois],벨기에,61~66cm,28kg정도,대형,털이 짧고 색은 연한 황갈색이며 털끝이 검고 블랙 마스크 소유,일하고자 하는 집념이 강함,"단독주택/전원주택, 
                                        젊은층/노년층, 
                                        운동량 많음",x,황갈색 블랙마스크,허딩 (일반적인 의미의 목축견),보통,보통,뛰어남,실외
벨지안 쉽도그 라케노이즈 [Belgian Sheepdog Laekenois],벨기에,55~66cm,28Kg정도,대형,쫑긋 선 삼각형 귀와 뾰족한 주둥이를 가짐,경계심이 강하고 주의력이 깊으며 주인에 대해 헌신적,"단독주택/전원주택, 
                                        젊은층/노년층, 
                                        운동량 많음",x,검은색,허딩 (일반적인 의미의 목축견),보통,보통,뛰어남,실외
벨지안 쉽도그 그로넨달 [Belgian Sheepdog Groenendael],벨기에,55~66cm,28kg정도,대형,좋은 균형의 사각형 개로 깊이 있고 우아한 외관,경계심이 강하고 주의력이 깊으며 주인에게 헌신적,"단독주택/전원주택, 
                                        젊은층/노년층, 
                                        운동량 많음",x,검은색,허딩 (일반적인 의미의 목축견),보통,많음,뛰어남,실외
베들링턴 테리어 [Bedlington Terrier],영국,38~43cm,7~10kg,중형,곱슬거리는 털로 양같은 느낌을 주는 외관,참을성이 많고 좋은 마음씨와 사랑스러운 천성,"아파트/단독주택/전원주택, 
                                        어린이/젊은층/노년층, 
                                        운동량 많음",백내장,청색 청색&황갈색 검붉은색 검붉은색&황갈색 검붉은색&모래색 모래색 모래색&황갈색,테리어,보통,적음,뛰어남,"실내, 
                                        실외"
버니즈 마운틴 독 [Bernese Mountain Dog],스위스,58~70cm,40~44kg,대형,눈에 띄는 세 가지 색깔과 근육질 체형을 자랑,장난끼가 없고 고집이 세며 자립심이 강함,"단독주택/전원주택, 
                                        젊은층, 
                                        운동량 보통",신장염,검은색&황갈색 반점&흰색,워킹 (일반적으로 사역견을 의미),높음,보통,보통,실외
바셋 하운드 [Basset Hound],프랑스,33~38cm,18~27kg,중형,육중한 뼈를 가지고 있으며 침착한 움직임을 보임,사납지 않고 겁이 많지 않으며 단아하고 헌신적인 성품,"아파트/단독주택/전원주택, 
                                        어린이/젊은층/노년층, 
                                        운동량 보통","척추디스크, 
                                        각막염, 
                                        결막염",흰색&검은색&황갈색 황갈색&흰색 검은색&황갈색 은회색,하운드 (일반적인 의미의 수렵견),보통,보통,부적절,"실내, 
                                        실외"
바센지 [Basenji],중앙아프리카,40~43cm,9~11kg,중형,전반적으로 안정된 자세와 이마 한가운데 주름이 인상적인 외관,"지적이고, 독립성이 있으면서도 애정 많고 기민한 견종","아파트/단독주택/전원주택, 
                                        젊은층/노년층, 
                                        운동량 많음","각막염, 
                                        결막염, 
                                        신장염",적갈색 흑갈색 흰반점,하운드 (일반적인 의미의 수렵견),낮음,보통,뛰어남,"실내, 
                                        실외"
미니어처 핀셔 [Miniature Pinscher],독일,25.4~31.8cm,4~4.5kg,소형,"쫑긋 선 귀, 호리호리한 다리, 사슴같은 눈망울을 가짐",사기 왕성하고 두려움이 없으며 완벽한 자신감을 가짐,"아파트/단독주택/전원주택, 
                                        어린이/젊은층/노년층, 
                                        운동량 보통",백내장,붉은색 검은색 검은색&황갈색 초콜릿색&황갈색,토이 (일반적으로 애완견을 의미),낮음,보통,뛰어남,실내
미니어처 푸들 [Miniature Poodle],프랑스,25~38cm,3~6kg,중형,"정사각형의 귀족적 외형과 적당한 균형, 당당한 태도를 지님",호화로운 털을 가진 영리한 재능꾼,"아파트/단독주택/전원주택, 
                                        어린이/젊은층/노년층, 
                                        운동량 보통","백내장, 
                                        간질",검은색 흰색 살구색 청색 미색,"논스포팅 (일반적인 의미의 비수렵견, 실용견)",높음,적음,보통,실내
미니어처 슈나우저 [Miniature Schnauzer],독일,30~30.5cm,6~7kg,소형,"긴 콧수염과 눈썹, 다리에 장식털이 슈나우저의 트레이드 마크임",기민하고 사기왕성하고 우호적이고 명랑하며 명령에 순종함,"아파트/단독주택/전원주택, 
                                        어린이/젊은층/노년층, 
                                        운동량 보통","백내장, 
                                        심장판막증, 
                                        심장마비, 
                                        당뇨, 
                                        방광염, 
                                        간질",솔트&페퍼 은빛색 검은색,테리어,보통,적음,뛰어남,"실내, 
                                        실외"
몰티즈 [Maltese],이탈리아,26cm이하,2~3kg,소형,코는 점점 까매지고 순백의 비단같은 털이 온몸에 덮여 있음,몹시 까다롭고 활달하며 질투와 응석이 있고 사람들과 친밀하게 지냄,"아파트/단독주택/전원주택, 
                                        어린이/젊은층/노년층, 
                                        운동량 보통","심장판막증, 
                                        심장마비, 
                                        결막염, 
                                        각막염, 
                                        비만",흰색,토이 (일반적으로 애완견을 의미),높음,보통,보통,실내
맨체스터 테리어 [Manchester Terrier],영국,38~40cm,5~7.5kg,중형,작고 까맣고 짧은 털과 끝이 뾰족한 꼬리를 지님,순종적이고 헌신적이며 다른 개들에게 우호적이고 분별력이 있음,"아파트/단독주택/전원주택, 
                                        어린이/젊은층/노년층, 
                                        운동량 보통",골절,검은색 황갈색,테리어,보통,보통,보통,실외
마스티프 [Mastiff],영국,71~76cm,70~86kg,초대형,크고 육중하며 대칭적인 구조로 체격이 잘 짜여있음,용기있고 위엄 있으면서 순종적임,"단독주택/전원주택, 
                                        젊은층, 
                                        운동량 많음","관절염, 
                                        심장판막증, 
                                        심장마비, 
                                        각막염, 
                                        결막염",황갈색 살구색 줄무늬,워킹 (일반적으로 사역견을 의미),보통,보통,뛰어남,실외
롯트와일러 [Rottweiler],독일,58~69cm,40~50kg,대형,"다부지고 탄탄한 체격과 큰 골격, 굵은 뼈대를 가지고 있음",용감하고 조용하며 자기 가족과 집을 보호하려는 열망이 강함,"단독주택/전원주택, 
                                        젊은층, 
                                        운동량 많음","당뇨, 
                                        관절염, 
                                        각막염, 
                                        결막염, 
                                        심장판막증, 
                                        심장마비",검은색 황갈색,워킹 (일반적으로 사역견을 의미),낮음,보통,뛰어남,실외
로디지안 리즈백 [Rhodesian Ridgeback],남아프리카,61~69cm,29~34Kg,대형,강하고 근육질이며 등에 두 개의 가마가 어깨뼈 사이 양쪽에 있음,위엄있고 낯선 이에게 소극적이며 주인에겐 헌신적임,"단독주택/전원주택, 
                                        젊은층, 
                                        운동량 많음",x,밀색,하운드 (일반적인 의미의 수렵견),보통,보통,부적절,실외
레이크랜드 테리어 [Lakeland Terrier],영국,33~38cm,7kg정도,중형,깊고 비교적 좁은 몸체와 짧은 탑 라인에 높은 꼬리를 가지고 있음,온순하며 쾌활하고 우호적이고 자신만만한 성격을 갖고 있음,"단독주택/전원주택, 
                                        어린이/젊은층/노년층, 
                                        운동량 많음",x,청색 검은색 붉은색 밀색 검붉은색 청색&황갈색,테리어,보통,적음,보통,실외
래브라도 리트리버 [Labrador Retriever],캐나다,54~62cm,23~34kg,대형,"수달 꼬리와 알맞은 액단, 넓은 뒷머리와 강력한 턱을 가짐",지능이 높고 침착하며 인내심이 강하고 친절하고 외향적임,"단독주택/전원주택, 
                                        어린이/젊은층/노년층, 
                                        운동량 많음","외이염, 
                                        관절염, 
                                        당뇨, 
                                        백내장, 
                                        비만",검은색 노란색 초콜릿색,스포팅 (일반적으로 조렵견을 의미),높음,보통,보통,실외
라사 압소 [Lhasa Apso],티베트,25~28cm,5.9~6.8kg,소형,"두상이 짧고 눈과 머리를 뒤덮는, 바닥까지 닿는 아름다운 털을 지님",즐겁고 고집스러우나 낯선 사람에게는 조심스러움,"아파트/단독주택/전원주택, 
                                        어린이/젊은층/노년층, 
                                        운동량 적음",척추디스크,황금색 검은색 벌꿀색 회색,"논스포팅 (일반적인 의미의 비수렵견, 실용견)",보통,보통,보통,실내
도베르만 핀셔 [Dobermann Pinscher],독일,65~70cm,30~40kg,대형,사각형 모양과 근육질의 몸체와 우아하고 귀족적인 외모를 지님,원기왕성하고 주의 깊으며 단호하고 충직하면서 순종적임,"단독주택/전원주택, 
                                        젊은층, 
                                        운동량 많음","심장판막증, 
                                        심장마비",검은색 황금색 청색 엷은황갈색 붉은색,워킹 (일반적으로 사역견을 의미),보통,보통,뛰어남,실외
댄디 딘몬트 테리어 [Dandie Dinmont Terrier],영국,20~28cm,8~11kg,소형,"짧고 휜 다리와 굽은 허리, 둥근 머리와 큰 눈이 특징",명랑하고 온화하며 겸손하고 총명함,"아파트/단독주택/전원주택, 
                                        어린이/젊은층/노년층, 
                                        운동량 보통",x,겨자색 후추색,테리어,보통,보통,보통,"실내, 
                                        실외"
달마티안 [Dalmatian],유고슬라비아,50~60cm,23~25kg,대형,튼튼하고 근육질이며 독특한 점들이 있음,부끄러움이 없고 다소 신경질적이며 외향적 성품을 지님,"단독주택/전원주택, 
                                        젊은층, 
                                        운동량 많음","지루성피부염, 
                                        백선, 
                                        음식알레르기, 
                                        방광염, 
                                        당뇨",흰색 검은색&갈색반점,"논스포팅 (일반적인 의미의 비수렵견, 실용견)",낮음,보통,보통,실외
닥스훈트 [Dachshund],독일,13~25cm,5kg이하,소형,몸은 길고 다리는 짧으며 근육이 있고 가죽은 탄력이 있고 나긋함,명랑하고 장난스럽고 헛짖음과 무는 성질이 강함,"아파트/단독주택/전원주택, 
                                        어린이/젊은층/노년층, 
                                        운동량 보통","외이염, 
                                        백내장, 
                                        척추디스크, 
                                        비만",붉은색 적갈색 검은색 황갈색 초콜릿색&황갈색 블린들,하운드 (일반적인 의미의 수렵견),보통,보통,보통,"실내, 
                                        실외"
뉴펀들랜드 [Newfoundland],캐나다,66~70cm,50~86kg,초대형,크고 덥수룩한 털에 몸체가 깊고 뼈대가 크며 근육질임,훈련과 명령을 잘 따르며 온순하여 적대감을 잘 나타내지 않음,"단독주택/전원주택, 
                                        젊은층/노년층, 
                                        운동량 많음","관절염, 
                                        심장판막증, 
                                        심장마비",검은색 황금색 랜드시어(흰색과 검은색의 2모색),워킹 (일반적으로 사역견을 의미),높음,보통,부적절,실외
노르포크 테리어 [Norfolk Terrier],영국,25.4cm정도,4.99~5.45Kg,소형,"풍부한 표정과 늘어진 귀, 짧은 털과 다리를 가짐",강인하고 기민하며 두려움을 모르는 전형적인 테리어의 성격,"아파트/단독주택/전원주택, 
                                        어린이/젊은층/노년층, 
                                        운동량 많음",x,붉은색 밀색 회색 검은색&황갈색,테리어,보통,보통,보통,"실내, 
                                        실외"
노르위치 테리어 [Norwich Terrier],영국,25.4cm정도,4.99~5.45kg,소형,빠릿빠릿하고 땅딸만하며 쫑긋한 귀와 여우같은 표정,쾌활하고 두려움이 없으며 충직하고 순응적이며 활동적임,"아파트/단독주택/전원주택, 
                                        어린이/젊은층/노년층, 
                                        운동량 많음",x,붉은색 검은색 검은색&황갈색 회색,테리어,보통,적음,보통,"실내, 
                                        실외"
노르웨이언 엘크하운드 [Norwegian Elkhound],노르웨이,46~51cm,20kg정도,중형,중간급 크기에 장방형 옆모습과 돌돌 말린 꼬리가 뒤로 넘어가 있음,용감하고 정력적이며 우호적이고 위엄과 독립성이 강함,"단독주택/전원주택, 
                                        어린이/젊은층/노년층, 
                                        운동량 많음",x,회색 은빛색 회색,하운드 (일반적인 의미의 수렵견),보통,보통,뛰어남,실외
기슈 이누 [Kishu Inu],일본,42~55cm,10~23kg,중형,몸이 가늘고 굵은 뼈대의 다리와 강인한 몸매를 가짐,소박하고 순한 성격이지만 거친 면모를 보이기도 함,"단독주택/전원주택, 
                                        젊은층/노년층, 
                                        운동량 많음",x,흰색 붉은색 황금색,"논스포팅 (일반적인 의미의 비수렵견, 실용견)",낮음,보통,뛰어남,실외
그레이트 피레니즈 [Great Pyrenees],프랑스,71~76cm,46~54kg,초대형,전체적으로 거대한 크기와 위풍당당함을 겸비한 견종,"고집스러우나 희생과 충성심, 보호심, 사람에 대한 사려가 깊음","단독주택/전원주택, 
                                        젊은층, 
                                        운동량 많음","관절염, 
                                        지루성피부염, 
                                        음식알레르기, 
                                        백내장",흰색 흰색&갈색의반점 흰색&회색,워킹 (일반적으로 사역견을 의미),보통,많음,보통,실외
그레이트 데인 [Great Dane],독일,71~76cm,46~54kg,초대형,잘 짜여진 부드러운 근육질 몸에 힘과 우아함을 갖추고 있음,애정과 충성심이 강하며 대담성이 있고 공격적이지 않음,"단독주택/전원주택, 
                                        젊은층, 
                                        운동량 많음",백내장,브린들황갈색 청색 검은색 할리퀸,워킹 (일반적으로 사역견을 의미),보통,보통,뛰어남,실외
그레이 하운드 [Grey Hound],"이집트, 
                                        영국",70~75cm,27~32kg,대형,"길고 얇은 꼬리, 뒤로 붙은 귀와 근육질의 체형을 가짐","관찰력과 민첩성이 뛰어나고 끈기, 강인함이 있고 정이 많음","단독주택/전원주택, 
                                        젊은층, 
                                        운동량 많음",x,다양한색상,하운드 (일반적인 의미의 수렵견),보통,보통,보통,실외
골든 리트리버 [Golden Retriever],영국,51~61cm,27~36kg,대형,건실하고 기민하고 자신감이 있어 보이며 황금색털이 매력적,친밀하며 믿음 있고 애정이 깊으며 확실한 성품,"단독주택, 
                                        어린이, 
                                        운동량 많음","관절염, 
                                        비만, 
                                        지루성피부염, 
                                        음식알레르기, 
                                        탈모증, 
                                        백선, 
                                        백내장",황금색,스포팅 (일반적으로 조렵견을 의미),높음,많음,부적절,실외
휘펫 [Whippet],영국,46~56cm,13Kg정도,중형,조잡하게 크지 않으면서 균형이 잘 잡혀 있고 강한 근육이 있음,밝고 상냥하고 우호적이며 점잖으면서도 사냥할 때는 맹렬함,"아파트/단독주택/전원주택, 
                                        어린이/젊은층/노년층, 
                                        운동량 많음","결막염, 
                                        각막염, 
                                        심장판막증, 
                                        심장마비",검은색 황갈색 청색 브린들,하운드 (일반적인 의미의 수렵견),높음,보통,부적절,"실내, 
                                        실외"
핏불 테리어 [America Pit Bull Terrier],미국,46~56cm,23~36Kg,중형,중형의 단단하게 짜여진 운동선수같은 근육질의 몸을 가짐,느긋하고 조용하지만 아주 강하고 대담하면서도 냉철함,"아파트/단독주택/전원주택, 
                                        운동량 많음",백내장,다양한색상,테리어,높음,보통,보통,"실내, 
                                        실외"
필드 스파니엘 [Field Spaniel],영국,46cm정도,16~22kg,중형,"평범한 주둥이, 처진 아랫입술과 키에 비해 약간 긴 몸을 가짐",담담하면서 쾌활하고 분별있고 참을성과 지구력이 있음,"단독주택/전원주택, 
                                        어린이/젊은층/노년층, 
                                        운동량 보통",x,검은색 적갈색 황금색,스포팅 (일반적으로 조렵견을 의미),보통,보통,부적절,실외
플랫 코티드 리트리버 [Flat Coated Retriever],영국,59cm정도,27~32kg,대형,"깔끔한 외선과 길고 튼튼한 두상, 길지도 짧지도 않은 털을 가짐",순종적이고 밝고 온순하며 재주가 많음,"단독주택/전원주택, 
                                        어린이/젊은층/노년층, 
                                        운동량 많음","백내장, 
                                        관절염",검은색 검붉은색,스포팅 (일반적으로 조렵견을 의미),높음,많음,보통,실외
