이름,크기,거주환경,실내실외,외로움,운동량,털빠짐,친화성(애교),의료비용,개짖음,집지키기
그레이 하운드,L,A,I,4,4,2,5,10u,4,1
그레이 하운드,L,A,I,4,4,3,5,30o,4,4
그레이 하운드,L,A,I,3,4,3,3,30o,2,1
그레이 하운드,L,A,I,4,4,2,5,10u,1,3
그레이 하운드,L,A,I,4,4,2,4,30u,3,2
그레이 하운드,L,A,I,4,4,3,4,30u,2,3
그레이 하운드,L,A,I,3,5,3,4,30o,3,3
그레이 하운드,L,A,I,3,3,3,5,10u,1,2
그레이 하운드,L,A,I,3,4,3,4,10u,2,1
그레이 하운드,L,A,I,4,3,3,4,10u,5,1
그레이 하운드,L,A,I,3,3,2,4,10u,2,3
그레이 하운드,L,A,I,4,3,2,4,30u,3,2
그레이 하운드,L,A,I,4,4,2,4,30o,3,2
그레이 하운드,L,A,I,4,5,2,4,10u,2,4
그레이 하운드,L,A,I,5,5,2,4,10u,4,2
그레이 하운드,L,A,I,4,5,1,4,30u,3,2
그레이 하운드,L,A,I,4,4,2,5,30u,4,3
그레이 하운드,L,A,I,4,4,2,3,30u,3,3
그레이 하운드,L,A,I,3,4,3,4,10u,2,3
그레이 하운드,L,A,I,4,3,3,5,30o,4,2
그레이 하운드,L,A,I,4,4,1,4,10u,1,3
그레이 하운드,L,A,I,4,4,2,3,30u,2,4
그레이 하운드,L,A,I,4,4,3,4,10u,5,3
그레이 하운드,L,J,I,3,4,2,4,30u,4,3
그레이 하운드,L,J,I,3,3,2,4,30u,3,2
그레이 하운드,L,J,I,4,4,2,4,10u,3,2
그레이 하운드,L,J,I,4,4,2,4,30u,3,2
그레이 하운드,L,J,I,4,3,3,5,30o,4,3
그레이 하운드,L,J,I,4,3,3,5,30u,5,3
그레이 하운드,L,J,I,3,4,2,5,30u,1,4
그레이 하운드,L,J,I,2,4,2,4,30u,3,2
그레이 하운드,L,J,I,4,4,2,4,10u,2,3
그레이 하운드,L,J,I,3,3,2,4,10u,3,1
그레이 하운드,L,J,I,4,4,3,3,30u,3,3
그레이 하운드,L,J,I,3,3,3,4,30u,1,2
그레이 하운드,L,J,IO,4,5,1,3,10u,2,4
그레이 하운드,L,J,IO,3,3,2,4,10u,2,2
그레이 하운드,L,J,IO,4,5,2,5,30u,3,2
그레이 하운드,L,J,IO,3,5,3,3,10u,2,3
그레이 하운드,L,J,IO,3,3,3,5,30u,4,2
그레이 하운드,L,J,O,4,4,3,3,30u,4,3
그레이 하운드,L,J,O,4,3,2,4,10u,2,3
그레이 하운드,L,J,O,3,4,2,3,10u,2,4
그레이 하운드,L,J,O,3,4,2,3,30o,3,5
그레이 하운드,L,J,O,2,4,2,4,30u,4,1
그레이 하운드,L,J,O,4,4,2,5,30u,3,3
그레이 하운드,L,J,O,4,4,2,5,10u,4,3
그레이 하운드,L,J,O,5,4,3,4,30u,3,2
그레이 하운드,L,J,O,2,4,2,5,30o,5,1
그레이 하운드,L,J,O,3,4,4,5,10u,2,3
닥스훈트,M,A,I,5,4,3,3,10u,4,3
닥스훈트,M,A,I,4,5,5,3,10u,3,3
닥스훈트,S,A,I,3,4,5,3,10u,4,3
닥스훈트,M,A,I,4,3,4,3,30u,5,4
닥스훈트,M,A,I,4,4,5,3,10u,3,2
닥스훈트,M,A,I,5,3,4,3,10u,3,2
닥스훈트,M,A,I,4,3,4,3,10u,4,1
닥스훈트,S,A,I,4,3,3,3,10u,4,1
닥스훈트,M,A,I,5,4,5,3,10u,4,1
닥스훈트,M,A,I,4,5,5,2,10u,3,4
닥스훈트,S,A,I,4,4,5,4,30u,4,4
닥스훈트,M,A,I,3,5,3,4,10u,4,3
닥스훈트,M,A,I,4,4,4,3,30u,4,2
닥스훈트,M,A,I,4,4,3,3,30u,4,4
닥스훈트,M,A,I,4,4,5,3,10u,4,3
닥스훈트,M,A,I,5,5,3,4,10u,4,4
닥스훈트,M,A,I,4,4,5,3,10u,4,4
닥스훈트,M,A,I,5,3,4,3,10u,5,4
닥스훈트,M,A,I,4,4,4,4,30u,4,4
닥스훈트,M,A,I,4,4,4,4,30u,5,3
닥스훈트,S,A,I,5,3,5,3,10u,4,3
닥스훈트,M,J,I,4,4,4,3,10u,3,3
닥스훈트,M,J,I,5,3,3,3,10u,4,3
닥스훈트,M,J,I,5,4,5,3,10u,2,3
닥스훈트,M,J,I,3,4,5,4,10u,5,4
닥스훈트,M,J,I,5,4,5,4,10u,4,3
닥스훈트,M,J,I,5,5,4,4,10u,5,3
닥스훈트,M,J,I,3,4,5,3,10u,4,2
닥스훈트,M,J,I,5,4,4,4,10u,4,2
닥스훈트,M,J,I,4,5,3,2,30u,4,2
닥스훈트,M,J,I,5,3,5,4,10u,4,3
닥스훈트,S,J,I,4,3,4,3,10u,4,3
닥스훈트,M,J,I,5,4,5,4,10u,3,3
닥스훈트,M,J,I,4,5,4,3,10u,3,4
닥스훈트,M,J,I,5,3,5,2,10u,4,3
닥스훈트,S,J,I,3,3,4,4,10u,4,4
닥스훈트,M,J,I,5,4,5,3,10u,4,4
닥스훈트,M,J,IO,4,4,3,4,30u,4,3
닥스훈트,M,J,IO,4,4,5,3,10u,5,3
닥스훈트,M,J,IO,4,3,5,3,10u,4,2
닥스훈트,M,J,IO,5,4,5,2,10u,3,4
닥스훈트,M,J,IO,4,4,4,4,10u,4,4
닥스훈트,S,J,O,4,5,4,2,10u,3,2
닥스훈트,M,J,O,3,3,5,2,30u,4,3
닥스훈트,M,J,O,5,5,4,3,30u,5,1
닥스훈트,M,J,O,3,4,5,2,10u,4,3
닥스훈트,M,J,O,5,5,5,3,30u,4,4
닥스훈트,M,J,O,5,5,4,2,10u,4,3
닥스훈트,M,J,O,5,5,5,3,10u,5,4
닥스훈트,M,J,O,5,3,5,2,10u,4,3
달마시안,L,A,I,2,4,1,3,10u,5,5
달마시안,L,A,I,1,3,2,3,10u,3,5
달마시안,M,A,I,1,3,1,4,10u,5,5
달마시안,M,A,I,2,5,1,5,30u,4,5
달마시안,L,A,I,1,4,1,3,10u,4,4
달마시안,L,A,I,2,3,1,2,30u,3,4
달마시안,L,A,I,2,4,1,3,10u,5,3
달마시안,L,A,I,2,5,3,5,10u,4,4
달마시안,L,A,I,2,4,1,3,30u,3,5
달마시안,L,A,I,1,4,1,4,10u,5,5
달마시안,L,A,I,2,5,1,3,10u,3,5
달마시안,L,J,I,3,3,1,4,10u,3,5
달마시안,M,J,I,2,5,1,5,10u,5,5
달마시안,M,J,I,1,4,1,4,10u,4,5
달마시안,L,J,O,5,5,3,4,10u,4,4
달마시안,M,J,O,2,4,1,4,10u,3,4
달마시안,L,J,O,4,5,2,5,10u,4,5
달마시안,L,J,O,1,3,1,4,30u,3,4
달마시안,L,J,O,2,4,2,3,30u,5,5
달마시안,L,J,O,4,5,1,5,10u,3,4
달마시안,L,J,O,2,4,3,3,30u,4,4
달마시안,M,J,O,3,5,1,4,30u,3,3
달마시안,L,J,O,1,4,2,4,10u,5,5
달마시안,M,J,O,3,4,1,4,10u,3,3
달마시안,M,J,O,2,5,1,5,10u,5,5
달마시안,M,J,O,3,4,3,4,30u,5,4
달마시안,L,J,O,2,3,1,3,10u,5,4
달마시안,M,J,O,4,5,2,4,10u,3,4
달마시안,L,J,O,1,4,1,5,10u,4,5
달마시안,M,J,O,1,4,2,5,10u,5,5
달마시안,L,J,O,2,5,1,5,30u,4,4
달마시안,L,J,O,1,4,2,5,30u,3,3
달마시안,L,J,O,2,5,1,4,10u,4,5
달마시안,M,J,O,1,4,2,5,10u,4,5
달마시안,L,J,O,2,5,1,3,10u,3,4
달마시안,L,J,O,1,5,3,4,30u,5,5
달마시안,L,J,O,2,5,1,5,10u,3,3
달마시안,M,J,O,1,3,2,5,10u,5,3
달마시안,L,J,O,2,4,2,4,10u,4,5
달마시안,L,J,O,2,5,1,5,30u,5,4
달마시안,M,J,O,1,5,1,3,10u,5,3
달마시안,L,J,O,2,5,1,5,10u,5,5
달마시안,M,J,O,1,4,3,5,10u,3,3
달마시안,L,J,O,4,5,2,3,10u,3,4
달마시안,L,J,O,2,5,2,5,10u,5,5
달마시안,M,J,O,1,5,1,5,10u,4,3
달마시안,L,J,O,1,5,1,3,10u,3,3
달마시안,L,J,O,2,5,2,3,10u,4,3
달마시안,M,J,O,1,5,2,5,10u,5,5
달마시안,M,J,O,1,4,2,4,30u,3,4
달마시안,L,J,O,1,5,2,4,10u,4,5
도베르만,L,A,I,5,5,1,3,30u,4,5
도베르만,L,A,I,1,3,3,2,30u,4,5
도베르만,L,A,I,1,5,3,2,30u,4,4
도베르만,L,A,I,1,4,1,2,30u,5,4
도베르만,L,A,I,1,5,2,2,10u,5,5
도베르만,L,A,I,5,5,2,2,30u,5,5
도베르만,L,A,I,5,5,1,2,10u,3,4
도베르만,L,A,I,5,4,1,3,10u,3,4
도베르만,L,J,IO,1,5,3,3,30u,4,5
도베르만,L,J,IO,1,4,2,4,30u,3,5
도베르만,L,J,IO,5,4,3,2,10u,3,5
도베르만,L,J,IO,1,5,1,3,30u,3,4
도베르만,L,J,IO,5,5,3,3,30u,5,5
도베르만,L,J,O,1,5,2,3,30u,4,5
도베르만,L,J,O,1,5,2,3,30u,4,5
도베르만,L,J,O,5,5,3,3,10u,4,5
도베르만,L,J,O,1,4,1,4,30u,4,3
도베르만,L,J,O,5,4,2,4,30u,3,3
도베르만,L,J,O,5,4,1,3,30u,3,3
도베르만,L,J,O,1,5,2,4,10u,4,5
도베르만,L,J,O,1,3,3,3,30u,5,5
도베르만,L,J,O,1,5,1,3,30u,5,5
도베르만,L,J,O,5,4,3,3,30u,5,4
도베르만,L,J,O,5,5,2,3,30u,5,5
도베르만,L,J,O,1,5,1,3,10u,5,5
도베르만,L,J,O,1,5,2,4,30u,5,5
도베르만,L,J,O,5,5,2,4,30u,4,4
도베르만,L,J,O,1,4,2,4,30u,4,3
도베르만,L,J,O,1,4,2,3,30u,4,4
도베르만,L,J,O,1,4,2,3,30u,5,4
도베르만,L,J,O,1,5,2,4,10u,4,5
도베르만,L,J,O,1,4,1,3,30u,3,5
도베르만,L,J,O,1,5,1,5,30u,3,5
도베르만,L,J,O,1,5,3,5,30u,4,5
도베르만,L,J,O,1,5,3,3,10u,4,5
도베르만,L,J,O,5,4,2,3,30u,5,5
도베르만,L,J,O,5,4,3,5,30u,4,5
도베르만,L,J,O,5,5,2,1,10u,4,5
도베르만,L,J,O,2,5,2,1,30u,4,5
도베르만,L,J,O,5,4,1,3,30u,5,5
도베르만,L,J,O,2,4,3,3,10u,5,5
도베르만,L,J,O,5,5,2,3,30u,5,4
도베르만,L,J,O,3,4,1,3,30u,4,4
도베르만,L,J,O,5,4,3,3,10u,4,5
도베르만,L,J,O,4,3,2,3,30u,4,5
도베르만,L,J,O,4,3,2,3,30u,4,5
도베르만,L,J,O,2,5,2,2,30u,4,4
도베르만,L,J,O,5,5,2,3,10u,4,4
도베르만,L,J,O,5,4,2,3,30u,3,4
도베르만,L,J,O,5,5,2,2,30u,3,4
러프콜리,M,J,IO,5,5,5,5,30u,3,3
말라뮤트,L,A,I,3,5,5,3,10u,4,5
말라뮤트,L,A,I,4,5,4,4,30u,2,4
말라뮤트,L,A,I,4,4,4,3,30u,5,4
말라뮤트,L,A,I,5,5,5,3,30u,3,4
말라뮤트,L,A,I,3,5,5,2,30u,4,4
말라뮤트,L,A,I,1,5,5,3,30u,5,4
말라뮤트,L,A,I,4,5,5,2,30u,3,5
말라뮤트,L,A,I,4,5,4,3,30u,4,5
말라뮤트,L,A,I,5,4,5,3,30u,2,4
말라뮤트,L,A,I,4,4,5,3,30u,5,4
말라뮤트,L,A,I,3,4,4,3,10u,4,5
말라뮤트,L,A,I,5,4,5,3,10u,5,5
말라뮤트,L,A,I,4,4,5,3,30u,5,5
말라뮤트,L,J,I,4,5,5,5,30o,1,5
말라뮤트,L,J,I,3,5,5,3,10u,3,4
말라뮤트,L,J,I,4,5,4,3,30u,4,5
말라뮤트,L,J,I,3,5,4,3,10u,3,5
말라뮤트,L,J,I,2,4,4,3,10u,3,5
말라뮤트,L,J,I,3,5,5,3,10u,2,5
말라뮤트,L,J,IO,1,5,4,3,10u,2,4
말라뮤트,L,J,IO,2,5,5,4,30u,3,4
말라뮤트,L,J,IO,4,4,5,3,30o,2,5
말라뮤트,L,J,IO,3,4,5,4,30o,4,4
말라뮤트,L,J,IO,5,4,5,3,30u,3,5
말라뮤트,L,J,IO,5,4,5,3,10u,5,5
말라뮤트,L,J,IO,5,4,4,3,10u,2,4
말라뮤트,L,J,IO,5,5,5,4,30u,3,5
말라뮤트,L,J,IO,5,4,4,3,10u,3,5
말라뮤트,L,J,IO,3,5,5,3,30u,3,4
말라뮤트,L,J,IO,4,4,4,4,30u,4,5
말라뮤트,L,J,O,2,4,4,3,30u,5,5
말라뮤트,L,J,O,4,5,5,3,30o,3,4
말라뮤트,L,J,O,5,4,5,2,10u,4,5
말라뮤트,L,J,O,4,4,4,3,10u,3,5
말라뮤트,L,J,O,5,5,4,3,10u,2,5
말라뮤트,L,J,O,5,5,5,2,10u,2,5
말라뮤트,L,J,O,5,5,4,3,30o,5,5
말라뮤트,L,J,O,5,4,5,3,10u,3,5
말라뮤트,L,J,O,3,4,5,2,30u,2,4
말라뮤트,L,J,O,5,5,5,3,10u,2,4
말라뮤트,L,J,O,5,5,5,5,30u,4,5
말라뮤트,L,J,O,4,4,5,3,10u,2,5
말라뮤트,L,J,O,4,4,4,3,10u,2,5
말라뮤트,L,J,O,5,5,5,4,10u,3,4
말라뮤트,L,J,O,4,4,5,3,10u,5,5
말라뮤트,L,J,O,5,5,5,3,10u,3,4
말라뮤트,L,J,O,4,5,4,3,30u,4,4
말라뮤트,L,J,O,4,5,5,3,30u,3,5
말라뮤트,L,J,O,5,5,5,2,30o,2,5
말라뮤트,L,J,O,4,5,4,3,10u,3,4
말티즈,S,A,I,5,5,5,5,30u,2,1
말티즈,S,A,I,3,5,3,5,10u,3,5
말티즈,S,A,I,5,4,4,5,10u,3,4
말티즈,S,A,I,5,3,1,3,10u,3,1
말티즈,S,A,I,4,3,2,3,30u,3,2
말티즈,S,A,I,5,5,5,5,10u,3,3
말티즈,S,A,I,5,5,1,4,10u,1,2
말티즈,S,A,I,5,3,1,3,10u,1,1
말티즈,S,A,I,5,4,1,5,10u,4,1
말티즈,S,A,I,5,5,4,4,10u,4,3
말티즈,S,A,I,5,3,1,3,10u,1,1
말티즈,S,A,I,5,5,1,3,10u,3,3
말티즈,S,A,I,5,3,4,4,10u,1,1
말티즈,S,A,I,4,4,5,5,10u,2,2
말티즈,S,A,I,5,3,4,3,30u,1,5
말티즈,S,A,I,4,4,3,5,10u,4,1
말티즈,S,A,I,4,3,5,4,30u,1,5
말티즈,S,A,I,3,2,4,5,10u,2,3
말티즈,S,A,I,5,4,5,4,10u,4,5
말티즈,S,A,I,5,3,4,4,10u,4,5
말티즈,S,A,I,4,2,4,3,10u,4,3
말티즈,S,A,I,4,4,5,3,10u,2,4
말티즈,S,A,I,5,3,4,4,30u,4,3
말티즈,S,A,I,4,2,3,5,10u,2,5
말티즈,S,A,I,4,4,5,3,10u,4,3
말티즈,S,A,I,5,4,5,4,30u,5,3
말티즈,S,A,I,4,3,5,5,30u,5,4
말티즈,S,A,I,3,4,4,3,10u,4,5
말티즈,S,A,I,5,2,5,4,10u,3,3
말티즈,S,A,I,4,3,3,5,10u,4,3
말티즈,S,A,I,5,3,4,4,30u,3,2
말티즈,S,A,I,5,4,5,5,10u,5,4
말티즈,S,A,I,4,2,5,4,30u,4,2
말티즈,S,A,I,5,3,4,5,30u,3,5
말티즈,S,A,I,4,4,4,4,10u,5,3
말티즈,S,A,I,5,3,5,4,30u,3,5
말티즈,S,A,I,5,3,5,5,10u,4,2
말티즈,S,A,I,4,2,4,3,10u,3,3
말티즈,S,A,I,5,4,3,4,10u,2,4
말티즈,S,A,I,5,3,4,5,10u,2,2
말티즈,S,A,I,5,2,3,4,10u,3,2
말티즈,S,A,I,4,3,5,4,30u,2,4
말티즈,S,A,I,3,4,4,5,10u,4,2
말티즈,S,A,I,4,4,5,3,30u,2,5
말티즈,S,A,I,5,3,4,4,30u,1,3
말티즈,S,A,I,5,2,5,5,10u,4,4
말티즈,S,A,I,5,3,4,3,30u,4,2
말티즈,S,A,I,4,4,4,4,10u,2,3
말티즈,S,A,I,4,2,5,5,30u,2,4
말티즈,S,A,I,5,3,4,3,30u,2,2
말티즈,S,A,I,3,4,5,5,10u,1,2
말티즈,S,A,I,5,3,4,5,10u,1,4
말티즈,S,A,I,4,2,3,3,10u,2,5
말티즈,S,A,I,5,3,5,5,10u,4,2
말티즈,S,A,I,5,4,4,3,30u,1,3
말티즈,S,A,I,5,4,4,5,30u,5,4
말티즈,S,A,I,4,3,5,4,10u,5,2
말티즈,S,A,I,5,4,4,5,10u,4,2
말티즈,S,A,I,4,2,5,5,10u,5,3
말티즈,S,A,I,5,3,5,3,10u,3,2
말티즈,S,A,I,4,4,4,3,10u,4,4
말티즈,S,J,I,4,4,3,3,30u,3,3
말티즈,S,J,I,4,3,4,5,10u,2,4
말티지,S,A,I,4,3,1,5,10u,4,2
미니어쳐 핀셔,S,A,I,3,5,1,3,10u,2,4
미니어쳐 핀셔,S,A,I,1,4,1,1,10u,3,4
미니어쳐 핀셔,S,A,I,2,4,3,1,30o,3,5
미니어쳐 핀셔,S,A,I,1,4,2,2,10u,4,4
미니어쳐 핀셔,S,A,I,1,4,2,1,10u,3,5
미니어쳐 핀셔,S,A,I,1,5,1,2,30o,4,3
미니어쳐 핀셔,S,A,I,1,5,2,3,30u,4,4
미니어쳐 핀셔,S,A,I,1,4,1,4,30u,2,3
미니어쳐 핀셔,S,A,I,3,4,1,2,10u,4,3
미니어쳐 핀셔,S,A,I,2,5,1,3,30u,3,5
미니어쳐 핀셔,S,A,I,1,3,1,1,30u,4,4
미니어쳐 핀셔,S,A,I,2,5,2,1,10u,2,3
미니어쳐 핀셔,S,A,I,2,4,2,2,10u,3,5
미니어쳐 핀셔,S,A,I,2,5,1,1,10u,4,4
미니어쳐 핀셔,S,A,I,1,4,3,4,10u,4,4
미니어쳐 핀셔,S,A,I,2,5,2,1,10u,2,5
미니어쳐 핀셔,S,A,I,1,4,1,3,30u,4,5
미니어쳐 핀셔,S,A,I,1,5,2,4,30o,1,4
미니어쳐 핀셔,S,J,I,3,4,1,2,10u,3,4
미니어쳐 핀셔,S,J,I,3,3,3,2,10u,2,5
미니어쳐 핀셔,S,J,I,4,3,1,2,10u,2,4
미니어쳐 핀셔,S,J,IO,2,5,2,1,10u,4,4
미니어쳐 핀셔,S,J,IO,2,5,2,1,10u,2,4
미니어쳐 핀셔,S,J,IO,1,4,1,2,30u,3,5
미니어쳐 핀셔,S,J,IO,3,5,1,2,30u,3,5
미니어쳐 핀셔,S,J,IO,3,4,1,1,30o,1,5
미니어쳐 핀셔,S,J,IO,2,5,2,2,10u,1,5
미니어쳐 핀셔,S,J,IO,4,5,1,2,10u,1,4
미니어쳐 핀셔,S,J,IO,4,4,2,3,10u,2,3
미니어쳐 핀셔,S,J,O,2,4,2,1,30o,4,5
미니어쳐 핀셔,S,J,O,3,5,2,4,10u,3,4
미니어쳐 핀셔,S,J,O,4,4,2,1,30u,2,5
미니어쳐 핀셔,S,J,O,2,5,1,1,30u,5,4
미니어쳐 핀셔,S,J,O,2,5,1,2,10u,4,4
미니어쳐 핀셔,S,J,O,1,3,2,1,10u,2,4
미니어쳐 핀셔,S,J,O,3,4,3,1,30u,2,3
미니어쳐 핀셔,S,J,O,2,4,1,3,10u,4,5
미니어쳐 핀셔,S,J,O,3,5,2,3,10u,5,4
미니어쳐 핀셔,S,J,O,1,5,2,4,10u,3,5
미니어쳐 핀셔,S,J,O,4,4,1,1,10u,3,5
미니어쳐 핀셔,S,J,O,3,3,2,1,10u,4,4
미니어쳐 핀셔,S,J,O,2,5,2,1,30u,2,5
미니어쳐 핀셔,S,J,O,2,3,2,3,10u,2,3
미니어쳐 핀셔,S,J,O,1,5,2,2,10u,2,5
미니어쳐 핀셔,S,J,O,1,3,1,5,10u,3,4
미니어쳐 핀셔,S,J,O,1,4,2,5,10u,4,4
미니어쳐 핀셔,S,J,O,1,3,1,1,10u,3,5
미니어쳐 핀셔,S,J,O,2,5,2,2,10u,2,4
미니어쳐 핀셔,S,J,O,2,4,1,3,10u,4,4
미니어쳐 핀셔,S,J,O,1,3,2,2,30u,3,3
미니핀,S,A,I,5,5,4,5,30u,3,4
미니핀,S,J,IO,4,5,3,5,30u,2,3
믹스견,S,A,I,5,2,1,2,10u,1,3
믹스견,S,A,I,2,4,3,2,10u,2,1
믹스견,S,A,I,4,5,4,4,10u,2,1
믹스견,S,A,I,5,4,2,2,10u,3,5
믹스견,S,A,I,2,3,3,4,10u,2,4
믹스견,S,A,I,3,5,2,3,10u,2,4
믹스견,S,A,I,3,4,4,4,30u,4,4
믹스견,S,A,I,4,5,2,2,10u,2,5
믹스견,S,A,I,3,3,3,3,10u,3,1
믹스견,S,A,I,2,4,3,2,10u,2,5
믹스견,S,A,I,3,5,4,2,30u,4,1
믹스견,S,A,I,5,4,2,2,30u,4,5
믹스견,S,A,I,2,4,2,4,10u,4,1
믹스견,M,A,I,3,5,4,2,10u,3,5
믹스견,S,A,I,4,3,2,3,10u,3,1
믹스견,S,A,I,2,5,2,2,10u,2,2
믹스견,S,A,I,3,3,4,2,30u,3,1
믹스견,S,A,I,5,4,2,3,10u,3,4
믹스견,S,A,I,5,3,2,4,30u,4,2
믹스견,S,A,I,4,4,3,3,10u,3,3
믹스견,S,A,I,3,4,2,4,10u,4,5
믹스견,S,A,I,2,5,4,2,30u,2,1
믹스견,M,A,I,4,5,1,2,30u,3,5
믹스견,S,A,I,5,5,2,4,30u,2,5
믹스견,S,A,I,2,3,3,2,10u,4,1
믹스견,S,A,I,3,4,1,3,10u,2,2
믹스견,M,A,I,4,4,2,4,30u,3,1
믹스견,S,A,I,4,3,2,2,10u,2,4
믹스견,S,A,I,5,3,2,2,30u,1,5
믹스견,S,A,I,3,4,3,3,10u,4,4
믹스견,S,A,I,2,5,2,2,10u,2,2
믹스견,S,A,I,3,3,3,3,30u,2,1
믹스견,S,A,I,4,4,3,2,30u,5,4
믹스견,S,A,I,4,4,2,4,10u,4,1
믹스견,M,J,I,4,4,3,4,10u,4,5
믹스견,S,J,I,5,5,3,5,30o,5,1
믹스견,M,J,I,5,3,3,2,10u,3,1
믹스견,M,J,I,5,4,2,4,10u,4,1
믹스견,S,J,I,4,4,2,3,10u,3,5
믹스견,S,J,I,5,4,3,2,10u,4,4
믹스견,M,J,I,3,3,3,2,10u,2,3
믹스견,S,J,I,3,5,4,3,10u,4,2
믹스견,M,J,I,2,5,1,4,10u,2,2
믹스견,S,J,I,3,4,2,2,10u,1,2
믹스견,S,J,I,5,3,1,2,10u,4,5
믹스견,S,J,O,2,5,4,5,10u,3,5
믹스견,S,J,O,4,4,3,4,30u,4,4
믹스견,S,J,O,4,5,3,4,10u,3,5
믹스견,M,J,O,3,3,2,3,10u,3,2
믹스견,S,J,O,5,4,4,2,30u,4,5
믹스견,M,J,O,5,4,3,2,10u,4,5
믹스견,S,J,O,5,5,1,2,10u,2,5
믹스견,S,J,O,3,5,3,4,30u,4,5
믹스견,S,J,O,5,3,3,2,10u,4,4
믹스견,S,J,O,5,3,2,4,30u,2,3
믹스견,M,J,O,4,4,1,1,10u,4,4
믹스견,S,J,O,3,5,2,4,10u,3,1
발바리,M,J,O,5,5,4,5,10u,5,5
불독,M,A,I,4,4,2,5,10u,3,1
불독,M,A,I,3,3,3,4,10u,2,2
불독,M,A,I,3,4,2,3,10u,4,2
불독,M,A,I,1,2,3,4,10u,3,1
불독,M,A,I,5,4,3,3,30u,2,2
불독,M,A,I,2,2,2,5,30u,4,2
불독,M,A,I,5,3,3,4,30u,4,4
불독,M,A,I,3,2,2,5,30u,2,3
불독,M,A,I,5,2,3,5,10u,3,2
불독,M,A,I,4,2,3,5,30o,2,4
불독,M,A,I,3,3,2,3,10u,4,2
불독,M,A,I,4,2,4,2,30o,2,2
불독,M,A,I,2,4,3,3,30u,3,2
불독,M,A,I,2,5,2,4,30u,4,2
불독,M,A,I,5,2,1,4,10u,4,1
불독,M,A,I,5,2,2,3,10u,3,3
불독,M,A,I,2,2,4,3,10u,3,2
불독,M,A,I,3,2,2,3,30u,4,4
불독,M,A,I,4,3,2,3,30u,4,1
불독,M,A,I,4,2,3,3,10u,4,2
불독,M,A,I,3,5,4,4,30u,3,1
불독,M,A,I,3,3,2,4,10u,4,1
불독,M,A,I,5,4,4,5,30u,3,3
불독,M,A,I,5,4,2,3,30o,3,1
불독,M,J,I,4,2,2,5,30u,4,1
불독,M,J,I,2,2,3,5,10u,3,2
불독,M,J,I,5,3,2,5,30u,3,3
불독,M,J,I,3,4,3,5,10u,2,1
불독,M,J,I,1,2,2,5,30u,4,3
불독,M,J,I,3,4,2,4,30u,3,1
불독,M,J,I,5,5,3,4,30u,4,1
불독,M,J,I,4,2,4,3,30u,3,2
불독,M,J,I,5,3,2,5,30u,2,3
불독,M,J,I,4,2,3,3,10u,3,2
불독,M,J,I,5,4,2,5,30o,4,1
불독,M,J,I,3,4,4,3,10u,2,2
불독,M,J,IO,2,2,2,5,10u,3,4
불독,M,J,IO,3,3,2,4,30u,4,1
불독,M,J,IO,3,4,3,3,10u,2,1
불독,M,J,O,3,3,3,4,10u,4,1
불독,M,J,O,5,4,2,5,10u,2,2
불독,M,J,O,4,3,2,5,10u,2,2
불독,M,J,O,4,4,4,3,10u,2,3
불독,M,J,O,4,4,2,4,30u,2,4
불독,M,J,O,3,3,2,4,30o,4,1
불독,M,J,O,4,2,3,4,30u,2,3
불독,M,J,O,3,3,3,5,10u,3,2
불독,M,J,O,5,4,2,5,30u,3,1
불독,M,J,O,4,2,2,5,10u,3,1
불독,M,J,O,3,3,2,5,30o,3,1
비숑,S,J,I,5,5,3,3,10u,2,3
사모예드,M,A,I,4,4,4,4,30u,3,2
사모예드,M,A,I,5,4,5,4,30u,3,2
사모예드,M,A,I,4,5,4,4,10u,4,3
사모예드,M,A,I,4,4,4,5,30u,2,3
사모예드,M,A,I,4,4,4,4,10u,4,1
사모예드,M,A,I,4,4,4,3,10u,3,3
사모예드,M,A,I,4,3,4,5,10u,4,1
사모예드,M,A,I,4,4,5,4,30o,4,2
사모예드,M,A,I,4,4,5,4,10u,3,2
사모예드,M,A,I,4,4,4,4,30u,2,3
사모예드,M,A,I,4,4,4,4,30o,4,3
사모예드,M,A,I,5,4,4,4,30o,3,4
사모예드,M,A,I,4,3,5,4,10u,3,2
사모예드,M,A,I,5,3,4,5,10u,3,1
사모예드,M,A,I,3,5,5,2,40u,3,2
사모예드,M,A,I,4,3,4,4,10u,3,3
사모예드,M,A,I,5,3,4,3,10u,3,3
사모예드,M,A,I,3,4,4,3,10u,2,2
사모예드,M,A,I,4,4,3,4,30o,3,3
사모예드,M,A,I,4,5,5,4,30u,3,3
사모예드,M,A,I,4,5,4,4,10u,3,3
사모예드,M,A,I,3,3,4,2,30u,3,2
사모예드,M,A,I,4,4,4,4,10u,3,3
사모예드,M,A,I,4,4,4,3,30u,3,4
사모예드,M,A,I,4,5,3,3,10u,4,3
사모예드,M,A,I,4,4,5,4,10u,3,2
사모예드,M,A,I,4,4,3,3,30u,3,2
사모예드,M,A,I,3,5,4,3,10u,5,2
사모예드,M,J,I,5,4,5,4,30u,4,2
사모예드,M,J,I,4,4,5,4,10u,4,2
사모예드,M,J,I,4,5,5,4,10u,2,2
사모예드,M,J,I,4,4,3,3,10u,3,2
사모예드,M,J,I,5,3,4,4,30u,4,2
사모예드,M,J,I,3,5,4,4,30u,4,2
사모예드,M,J,IO,5,5,5,4,30u,4,1
사모예드,M,J,IO,4,4,5,5,10u,2,2
사모예드,M,J,IO,5,3,4,3,10u,4,2
사모예드,M,J,IO,4,3,4,5,30u,4,2
사모예드,M,J,IO,5,4,5,5,40u,3,2
사모예드,M,J,IO,4,4,5,4,30u,3,1
사모예드,M,J,IO,5,3,4,4,30u,3,3
사모예드,M,J,IO,4,4,5,4,10u,4,3
사모예드,M,J,IO,4,4,4,3,10u,3,2
사모예드,M,J,IO,4,4,5,3,10u,3,1
사모예드,M,J,O,4,5,5,5,30u,5,1
사모예드,M,J,O,4,4,4,5,10u,3,1
사모예드,M,J,O,4,4,4,3,10u,3,1
사모예드,M,J,O,3,4,5,4,30u,4,3
사모예드,M,J,O,4,4,4,5,10u,2,3
사모예드,M,J,O,4,4,5,4,30u,3,2
삽살개,M,A,I,4,3,3,3,10u,2,5
삽살개,M,A,I,5,3,3,4,10u,2,5
삽살개,M,A,I,4,3,3,5,10u,3,3
삽살개,M,A,I,2,3,4,3,10u,3,5
삽살개,M,A,I,3,4,2,3,10u,2,4
삽살개,M,A,I,2,3,3,3,10u,2,4
삽살개,M,A,I,3,4,3,3,30u,2,4
삽살개,M,A,I,3,4,5,4,10u,1,4
삽살개,M,A,I,4,4,3,4,30u,3,3
삽살개,M,A,I,2,2,3,3,10u,2,4
삽살개,M,A,I,3,1,4,3,30u,2,5
삽살개,M,A,I,5,3,3,4,30u,4,5
삽살개,M,A,I,1,2,3,3,30u,2,3
삽살개,M,A,I,2,3,5,3,10u,4,4
삽살개,M,A,I,3,4,3,3,30u,2,4
삽살개,M,A,I,4,4,2,2,30u,3,4
삽살개,M,A,I,2,5,3,3,10u,3,4
삽살개,M,A,I,4,5,2,5,30o,5,4
삽살개,M,A,I,3,3,3,3,30u,2,4
삽살개,M,A,I,3,2,4,3,10u,3,4
삽살개,M,A,I,5,3,4,4,30o,1,5
삽살개,M,A,I,4,3,4,3,10u,2,4
삽살개,M,A,I,3,3,3,3,10u,3,3
삽살개,M,A,I,2,3,3,3,30u,2,4
삽살개,M,A,I,3,2,4,3,10u,2,4
삽살개,M,A,I,4,3,1,2,30u,3,4
삽살개,M,A,I,3,2,2,3,10u,3,4
삽살개,M,A,I,2,3,2,3,30u,3,4
삽살개,M,J,I,5,2,1,1,10u,3,4
삽살개,M,J,I,4,4,3,3,30o,2,4
삽살개,M,J,I,3,2,5,3,30u,3,4
삽살개,M,J,I,3,1,3,3,30o,4,4
삽살개,M,J,I,1,3,2,2,30u,1,4
삽살개,M,J,I,3,3,3,1,30u,2,4
삽살개,M,J,I,1,2,5,4,30u,3,4
삽살개,M,J,I,3,4,3,3,30u,1,3
삽살개,M,J,I,2,2,5,4,10u,2,4
삽살개,M,J,I,3,3,3,3,10u,3,3
삽살개,M,J,I,3,4,1,3,30o,3,4
삽살개,M,J,IO,2,4,3,3,30o,2,4
삽살개,M,J,IO,2,3,3,3,10u,3,5
삽살개,M,J,IO,1,3,3,3,30u,3,4
삽살개,M,J,IO,4,4,4,3,10u,1,4
삽살개,M,J,O,5,3,3,3,10u,2,4
삽살개,M,J,O,3,3,2,3,10u,3,4
삽살개,M,J,O,3,2,2,3,30u,4,5
삽살개,M,J,O,2,3,3,4,10u,4,4
삽살개,M,J,O,3,3,2,3,30o,2,4
삽살개,M,J,O,4,2,2,3,10u,2,3
삽살개,M,J,O,2,1,3,4,30u,1,4
슈나우저,S,A,I,4,4,2,3,10u,3,3
슈나우저,S,A,I,4,5,3,3,10u,4,4
슈나우저,S,A,I,4,4,2,3,30u,4,4
슈나우저,S,A,I,5,4,2,2,30u,3,5
슈나우저,S,A,I,5,3,1,1,10u,2,4
슈나우저,S,A,I,4,3,2,2,10u,3,4
슈나우저,S,A,I,4,4,3,3,30u,4,3
슈나우저,S,A,I,3,2,2,4,30o,4,3
슈나우저,S,A,I,4,3,3,4,30u,3,4
슈나우저,S,A,I,3,4,3,3,10u,2,5
슈나우저,S,A,I,4,4,2,2,10u,3,4
슈나우저,S,A,I,4,4,1,2,30o,3,4
슈나우저,S,A,I,4,3,2,3,30u,4,4
슈나우저,S,A,I,4,4,2,3,10u,2,4
슈나우저,S,A,I,4,4,2,2,30u,5,2
슈나우저,S,A,I,4,5,2,3,30u,4,1
슈나우저,S,A,I,3,3,3,3,10u,4,1
슈나우저,S,A,I,4,1,2,3,30u,2,4
슈나우저,S,A,I,4,2,2,3,10u,3,4
슈나우저,S,A,I,5,2,3,4,10u,3,4
슈나우저,S,A,I,3,3,2,4,10u,4,5
슈나우저,S,A,I,3,4,2,3,10u,5,4
슈나우저,S,A,I,3,2,3,3,10u,4,2
슈나우저,S,A,I,3,4,2,4,30o,5,1
슈나우저,S,A,I,4,3,4,5,10u,3,3
슈나우저,S,A,I,4,4,4,3,10u,2,3
슈나우저,S,A,I,5,1,4,4,30u,5,3
슈나우저,S,A,I,3,2,3,3,10u,3,3
슈나우저,S,A,I,3,3,2,3,10u,2,4
슈나우저,S,A,I,4,2,2,1,10u,3,4
슈나우저,S,A,I,4,4,3,4,30u,4,1
슈나우저,S,A,I,3,4,2,4,10u,3,2
슈나우저,S,A,I,4,4,2,3,30u,5,3
슈나우저,S,A,I,3,1,3,4,30u,4,4
슈나우저,S,A,I,3,3,2,2,30u,3,3
슈나우저,S,A,I,3,3,2,4,30u,4,4
슈나우저,S,J,I,4,3,2,3,30u,3,4
슈나우저,S,J,I,4,4,2,4,30o,3,2
슈나우저,S,J,I,5,2,1,3,30o,4,3
슈나우저,S,J,I,4,5,3,3,10u,3,4
슈나우저,S,J,I,2,4,4,3,10u,4,5
슈나우저,S,J,I,4,4,1,2,10u,3,4
슈나우저,S,J,I,3,4,2,3,30u,3,2
슈나우저,S,J,I,3,2,2,5,10u,3,3
슈나우저,S,J,IO,4,3,2,4,30u,3,3
슈나우저,S,J,IO,5,4,5,3,10u,1,4
슈나우저,S,J,IO,3,3,3,3,30o,2,5
슈나우저,S,J,IO,2,4,1,4,10u,3,3
슈나우저,S,J,O,5,5,2,3,10u,3,3
슈나우저,S,J,O,4,2,3,4,30u,4,3
시바견,S,A,I,3,4,3,4,10u,2,5
시바견,S,A,I,3,5,3,5,10u,3,4
시바견,S,A,I,2,4,2,3,30u,1,3
시바견,S,A,I,2,4,2,4,30u,2,4
시바견,S,A,I,3,3,4,3,10u,3,5
시바견,S,A,I,2,3,2,3,30u,2,3
시바견,S,A,I,5,4,3,3,10u,1,2
시바견,S,A,I,2,5,3,3,10u,2,3
시바견,S,A,I,2,3,3,3,30u,2,1
시바견,S,A,I,3,4,3,4,30u,2,2
시바견,S,A,I,3,4,3,4,30o,3,3
시바견,S,A,I,4,5,4,5,30u,4,4
시바견,S,A,I,5,5,4,3,10u,5,5
시바견,S,A,I,3,4,3,2,30o,1,2
시바견,S,A,I,3,4,3,3,10u,3,3
시바견,S,A,I,3,3,3,2,30o,4,3
시바견,S,A,I,3,2,5,5,10u,1,3
시바견,S,A,I,5,3,2,2,10u,2,4
시바견,S,A,I,2,4,3,2,30u,3,4
시바견,S,A,I,3,4,4,2,30u,1,4
시바견,S,A,I,2,4,2,5,30u,2,4
시바견,S,A,I,2,3,1,4,10u,2,5
시바견,S,A,I,4,4,3,3,30u,1,2
시바견,S,A,I,4,3,4,3,30u,2,3
시바견,S,A,I,5,4,4,4,30u,3,2
시바견,S,A,I,2,3,4,4,10u,4,1
시바견,S,A,I,3,4,3,3,30u,2,3
시바견,S,A,I,4,5,3,3,10u,2,3
시바견,S,A,I,5,3,3,3,10u,3,5
시바견,S,A,I,3,2,3,3,10u,2,2
시바견,S,A,I,3,2,4,4,30u,3,1
시바견,S,J,I,4,4,3,4,10u,2,4
시바견,S,J,I,4,3,5,2,10u,1,3
시바견,S,J,I,4,4,2,1,30u,3,3
시바견,S,J,I,2,4,3,4,30u,2,3
시바견,S,J,I,3,2,3,2,30u,5,3
시바견,S,J,I,4,1,4,4,30o,4,2
시바견,S,J,I,3,4,3,3,30o,3,3
시바견,S,J,I,4,3,5,5,10u,2,3
시바견,S,J,IO,2,3,5,3,30u,2,3
시바견,S,J,IO,3,2,4,4,10u,2,2
시바견,S,J,IO,5,4,3,3,10u,3,2
시바견,S,J,IO,3,4,2,4,30u,3,4
시바견,S,J,IO,1,3,3,2,10u,1,2
시바견,S,J,O,5,5,4,5,30o,3,5
시바견,S,J,O,2,4,1,4,30u,3,4
시바견,S,J,O,1,4,3,5,30u,4,1
시바견,S,J,O,4,3,2,4,30u,2,4
시바견,S,J,O,2,3,3,4,30u,3,4
시바견,S,J,O,4,5,3,3,30o,4,2
시츄,S,A,I,4,4,3,3,30u,1,2
시츄,S,A,I,4,4,3,3,10u,2,3
시츄,M,A,I,3,2,2,1,10u,1,2
시츄,M,A,I,5,5,3,2,30u,2,5
아키타,L,A,I,3,3,5,3,10u,5,5
아키타,L,A,I,4,5,5,2,10u,4,4
아키타,L,A,I,4,3,4,3,10u,5,3
아키타,L,A,I,2,3,5,4,30o,3,3
아키타,L,A,I,2,3,4,2,10u,4,4
아키타,L,A,I,3,4,4,3,10u,4,4
아키타,L,A,I,1,3,4,1,10u,5,4
아키타,L,A,I,3,4,4,2,30u,3,4
아키타,L,A,I,2,3,4,2,10u,4,5
아키타,L,A,I,2,4,4,2,30o,4,5
아키타,L,A,I,4,3,4,2,10u,4,3
아키타,L,A,I,3,3,4,3,30u,4,3
아키타,L,A,I,3,3,4,4,30o,4,4
아키타,L,A,I,4,4,4,5,30u,1,3
아키타,L,A,I,3,4,3,3,30u,3,4
아키타,L,A,I,4,5,4,3,10u,3,4
아키타,L,A,I,4,3,5,3,30o,3,1
아키타,L,A,I,3,4,4,2,30u,4,4
아키타,L,A,I,3,4,5,3,30u,4,4
아키타,L,A,I,3,4,5,3,30u,3,3
아키타,L,A,I,3,3,5,4,30u,5,4
아키타,L,A,I,5,3,4,3,30o,3,5
아키타,L,J,I,5,4,4,3,30u,3,4
아키타,L,J,I,5,4,5,4,30o,4,4
아키타,L,J,I,1,4,5,3,10u,3,3
아키타,L,J,I,5,4,4,2,30u,2,3
아키타,L,J,IO,4,4,5,3,30u,3,4
아키타,L,J,IO,2,5,5,3,30u,3,4
아키타,L,J,IO,3,4,5,2,30u,4,2
아키타,L,J,IO,3,5,5,3,30u,5,3
아키타,L,J,IO,4,5,4,2,10u,2,2
아키타,L,J,IO,5,4,4,3,30o,3,4
아키타,L,J,O,4,3,4,2,10u,4,5
아키타,L,J,O,3,4,5,2,30u,3,4
아키타,L,J,O,3,4,4,3,10u,5,4
아키타,L,J,O,3,4,5,5,30u,3,3
아키타,L,J,O,1,5,5,2,30o,4,4
아키타,L,J,O,1,4,5,3,10u,4,3
아키타,L,J,O,3,5,5,3,30u,3,4
아키타,L,J,O,3,4,5,3,30o,4,5
아키타,L,J,O,3,2,4,2,10u,3,4
아키타,L,J,O,5,4,5,3,30o,2,3
아키타,L,J,O,3,1,3,4,30o,3,4
아키타,L,J,O,5,3,5,2,30u,4,3
아키타,L,J,O,2,3,4,2,10u,3,5
아키타,L,J,O,2,4,4,1,10u,3,5
아키타,L,J,O,3,4,5,3,30u,2,3
아키타,L,J,O,5,3,4,2,10u,4,1
아키타,L,J,O,4,5,4,4,30o,3,3
아키타,L,J,O,4,3,5,3,30o,3,5
요크셔테리어,S,A,I,5,5,5,4,30u,2,3
요키,S,A,I,5,3,1,5,10u,3,3
웰시코기,M,A,I,4,3,5,1,10u,2,1
진돗개,M,A,I,4,5,3,3,10u,3,3
진돗개,M,A,I,3,3,2,4,10u,5,3
진돗개,L,A,I,5,2,3,3,10u,3,4
진돗개,L,A,I,3,3,3,3,10u,3,3
진돗개,M,A,I,4,3,4,4,30u,4,3
진돗개,M,A,I,3,2,4,5,30o,3,3
진돗개,M,A,I,4,2,3,4,10u,3,3
진돗개,L,A,I,4,2,4,4,30u,1,3
진돗개,M,A,I,4,1,4,4,10u,4,4
진돗개,M,A,I,5,2,5,5,30u,5,3
진돗개,L,A,I,3,3,4,4,10u,4,4
진돗개,L,A,I,4,4,4,5,10u,3,3
진돗개,M,A,I,4,4,3,3,10u,2,4
진돗개,M,A,I,1,3,3,3,10u,4,3
진돗개,L,A,I,1,3,3,3,10u,3,4
진돗개,M,A,I,4,2,3,5,10u,3,4
진돗개,M,J,I,5,3,4,3,10u,2,4
진돗개,L,J,I,5,4,2,4,10u,4,3
진돗개,M,J,IO,4,4,5,4,10u,3,5
진돗개,M,J,IO,4,5,4,3,10u,1,5
진돗개,L,J,IO,3,5,4,3,10u,4,4
진돗개,M,J,IO,5,3,4,4,10u,1,3
진돗개,M,J,IO,4,5,1,3,10u,4,3
진돗개,M,J,IO,4,5,4,4,10u,1,3
진돗개,L,J,IO,5,4,2,3,10u,4,4
진돗개,L,J,O,5,5,5,4,10u,5,3
진돗개,L,J,O,1,5,3,5,10u,1,5
진돗개,L,J,O,4,5,3,4,10u,4,5
진돗개,M,J,O,4,4,4,4,30u,2,4
진돗개,L,J,O,4,5,4,4,10u,4,5
진돗개,L,J,O,5,4,4,4,10u,4,2
진돗개,L,J,O,4,4,3,4,10u,1,3
진돗개,M,J,O,5,4,3,3,10u,3,4
진돗개,L,J,O,3,4,3,3,30o,1,4
진돗개,M,J,O,5,5,4,5,30u,3,4
진돗개,M,J,O,5,4,3,3,10u,4,4
진돗개,L,J,O,4,4,2,3,10u,3,3
진돗개,L,J,O,5,3,2,4,30u,2,4
진돗개,M,J,O,3,5,3,4,10u,4,5
진돗개,L,J,O,3,4,4,5,10u,5,3
진돗개,L,J,O,5,4,4,3,10u,4,3
진돗개,M,J,O,4,4,3,4,30u,3,2
진돗개,L,J,O,4,4,4,4,10u,2,4
진돗개,L,J,O,5,4,3,2,10u,4,5
진돗개,L,J,O,4,4,4,3,10u,3,4
진돗개,L,J,O,3,5,3,3,10u,4,4
진돗개,M,J,O,5,5,2,5,10u,5,5
진돗개,L,J,O,3,4,2,4,10u,2,3
진돗개,M,J,O,3,5,5,3,10u,3,4
진돗개,L,J,O,5,4,3,3,10u,3,4
진돗개,L,J,O,2,4,2,4,10u,4,4
진돗개,M,J,O,5,3,5,4,10u,3,5
진돗개,M,J,O,5,2,4,4,10u,3,3
진돗개,M,J,O,5,3,5,4,10u,3,5
진돗개,L,J,O,4,4,1,4,30u,4,3
진돗개,L,J,O,5,5,3,4,10u,5,4
진돗개,M,J,O,4,3,3,5,10u,4,3
치와와,S,A,I,4,4,3,3,10u,3,2
치와와,S,A,I,5,5,1,5,30u,2,4
치와와,M,A,I,5,2,1,5,30u,3,2
코카스파니엘,M,A,I,4,4,4,5,30u,2,3
코카스파니엘,M,J,IO,4,5,3,5,30u,4,3
파피용,S,A,I,5,4,5,5,30o,3,1
파피용,S,A,I,3,4,5,5,10u,3,1
파피용,S,A,I,3,4,5,4,30u,3,1
파피용,S,A,I,4,5,5,5,10u,3,1
파피용,S,A,I,2,5,4,3,10u,4,1
파피용,S,A,I,4,5,5,4,10u,4,2
파피용,S,A,I,4,5,5,4,30u,2,1
파피용,S,A,I,4,5,4,5,10u,2,1
파피용,S,A,I,4,4,4,4,10u,2,1
파피용,S,A,I,5,3,4,3,30u,1,1
파피용,S,A,I,5,3,5,5,10u,1,1
파피용,S,A,I,4,4,5,4,10u,3,2
파피용,S,A,I,3,3,5,4,10u,3,2
파피용,S,A,I,3,3,5,3,10u,2,3
파피용,S,A,I,4,4,5,4,30u,2,3
파피용,S,A,I,5,4,4,5,30o,3,3
파피용,S,A,I,5,4,5,5,30u,3,2
파피용,S,A,I,5,4,4,4,30u,3,1
파피용,S,A,I,4,4,4,4,10u,2,1
파피용,S,A,I,3,4,4,3,30u,2,1
파피용,S,A,I,3,4,4,3,30o,2,2
파피용,S,A,I,4,4,5,5,10u,2,2
파피용,S,A,I,5,4,4,4,30u,1,1
파피용,S,A,I,3,4,3,4,10u,2,2
파피용,S,A,I,5,4,3,4,10u,2,2
파피용,S,A,I,4,4,3,5,10u,2,2
파피용,S,A,I,3,5,3,3,30u,2,2
파피용,S,A,I,5,5,5,3,10u,2,2
파피용,S,A,I,4,5,4,5,10u,3,2
파피용,S,A,I,4,3,4,4,10u,3,3
파피용,S,A,I,4,3,4,4,10u,3,3
파피용,S,A,I,4,4,4,4,10u,3,1
파피용,S,A,I,4,4,4,4,30o,3,1
파피용,S,A,I,3,4,5,5,10u,2,1
파피용,S,A,I,3,5,3,4,10u,3,1
파피용,S,J,I,3,4,5,3,10u,1,1
파피용,S,J,I,4,4,4,5,30o,3,2
파피용,S,J,I,4,4,5,5,30u,2,2
파피용,S,J,I,4,3,3,3,30u,2,1
파피용,S,J,IO,4,4,4,5,10u,2,1
파피용,S,J,IO,4,4,5,5,10u,1,1
파피용,S,J,IO,3,4,4,5,30o,3,1
파피용,S,J,IO,5,4,4,5,10u,3,2
파피용,S,J,IO,5,4,4,4,10u,3,2
파피용,S,J,IO,3,5,4,3,10u,3,3
파피용,S,J,O,3,5,5,5,30o,3,2
파피용,S,J,O,5,4,4,3,30u,3,3
파피용,S,J,O,4,4,5,5,10u,1,1
파피용,S,J,O,4,4,5,4,30u,3,1
파피용,S,J,O,3,4,4,5,10u,2,1
포메라니안,S,A,I,5,5,5,5,30u,3,4
포메라니안,S,A,I,5,5,4,5,30u,2,3
포메라니안,S,A,I,4,3,4,4,10u,1,2
포메라니안,S,A,I,5,5,3,5,10u,3,3
포메라니안,S,A,I,5,5,3,5,10u,3,1
포메라니안,S,A,I,5,5,5,3,30u,2,1
포메리안,S,A,I,5,5,4,4,10u,4,3
푸들,S,A,I,4,5,1,4,30u,4,3
푸들,S,A,I,5,5,2,5,30u,1,1
푸들,M,A,I,5,5,1,4,10u,4,3
푸들,S,A,I,5,5,1,5,10u,3,1
푸들,M,A,I,5,5,1,5,10u,2,4
푸들,S,A,I,5,4,1,4,10u,3,2
푸들,S,A,I,5,4,3,3,10u,2,2
푸들,S,A,I,4,3,1,4,10u,2,3
푸들,M,A,I,4,5,1,4,10u,4,4
푸들,M,A,I,4,5,2,3,30u,3,3
푸들,S,A,I,4,5,1,3,10u,2,2
푸들,S,A,I,5,5,1,4,30u,3,5
푸들,S,A,I,4,4,2,5,10u,4,2
푸들,S,A,I,4,5,1,4,10u,2,4
푸들,S,A,I,5,4,2,5,30u,5,2
푸들,M,A,I,4,5,1,5,10u,2,3
푸들,S,A,I,3,5,1,4,10u,4,2
푸들,S,A,I,5,5,1,5,10u,2,3
푸들,S,A,I,4,5,1,3,10u,3,2
푸들,M,A,I,4,3,2,4,30u,4,5
푸들,S,A,I,5,4,1,4,10u,2,2
푸들,S,A,I,4,5,1,4,30u,2,3
푸들,S,A,I,3,3,1,3,10u,2,4
푸들,M,A,I,4,5,1,5,30u,2,3
푸들,S,A,I,5,4,2,3,10u,5,5
푸들,S,A,I,5,4,1,4,10u,3,2
푸들,S,A,I,5,3,2,5,10u,4,4
푸들,M,A,I,4,4,1,3,10u,3,2
푸들,S,A,I,3,5,1,3,10u,5,3
푸들,S,A,I,4,5,1,5,10u,3,5
푸들,S,A,I,5,4,2,3,10u,3,2
푸들,M,A,I,3,5,1,3,10u,4,3
푸들,S,A,I,3,5,1,5,30u,5,2
푸들,M,A,I,4,5,1,4,10u,3,3
푸들,S,A,I,5,5,1,5,10u,2,4
푸들,S,A,I,5,5,1,3,10u,3,3
푸들,M,A,I,3,4,2,5,10u,5,2
푸들,S,A,I,4,5,1,3,10u,2,3
푸들,S,A,I,5,3,2,4,10u,2,3
푸들,S,A,I,4,5,1,5,30u,5,5
푸들,S,A,I,4,5,2,3,10u,2,2
푸들,M,A,I,5,5,1,4,10u,1,3
푸들,S,A,I,5,4,1,4,10u,5,4
푸들,M,J,I,5,5,3,5,10u,4,3
푸들,M,J,I,4,5,2,5,10u,2,5
푸들,S,J,I,5,4,3,4,10u,2,2
푸들,S,J,I,4,3,3,3,10u,4,3
푸들,M,J,I,5,5,2,4,10u,1,2
푸들,S,J,I,4,5,2,3,30u,3,3
푸들,M,J,I,4,5,1,5,30u,3,3
푸들,M,J,I,4,5,1,4,30u,2,5
푸들,S,J,IO,4,4,4,4,30o,4,4
푸들,S,J,IO,5,4,2,4,10u,3,4
푸들,S,J,O,5,5,1,5,30o,5,1
푸들,M,J,O,5,4,1,5,30u,4,4
푸들,S,J,O,4,4,1,3,10u,3,4
푸들,S,J,O,4,3,2,4,10u,5,3
푸들,S,J,O,3,4,1,3,10u,2,5
풍산개,M,A,I,2,4,4,3,30u,3,3
풍산개,L,A,I,2,3,3,1,10u,4,5
풍산개,M,A,I,1,4,4,3,10u,4,3
풍산개,L,A,I,2,4,3,2,30o,4,4
풍산개,L,J,I,2,3,2,3,10u,3,4
풍산개,L,J,I,1,3,4,3,10u,4,4
풍산개,L,J,I,3,4,3,4,10u,5,3
풍산개,L,J,I,2,3,3,3,10u,5,4
풍산개,S,J,I,4,2,2,2,30u,5,5
풍산개,L,J,O,2,2,3,2,10u,4,4
풍산개,L,J,O,2,3,2,2,10u,4,4
풍산개,L,J,O,3,3,2,2,10u,4,5
풍산개,M,J,O,2,4,4,1,10u,5,3
풍산개,M,J,O,4,2,3,2,10u,3,4
풍산개,M,J,O,3,4,4,2,30u,3,3
풍산개,L,J,O,2,2,2,3,10u,4,3
풍산개,L,J,O,2,3,3,1,10u,5,4
풍산개,M,J,O,1,4,2,2,10u,3,5
풍산개,L,J,O,2,3,3,2,30u,4,4
풍산개,L,J,O,2,3,2,2,10u,3,4
풍산개,L,J,O,1,5,3,3,10u,5,3
풍산개,M,J,O,3,3,3,2,30u,3,5
풍산개,L,J,O,2,3,2,4,10u,4,4
풍산개,L,J,O,1,4,4,2,10u,3,4
풍산개,L,J,O,2,3,3,3,10u,4,3
풍산개,M,J,O,2,4,3,2,10u,5,5
풍산개,L,J,O,3,4,2,4,10u,5,3
풍산개,L,J,O,1,3,4,2,30u,4,4
풍산개,M,J,O,2,4,2,3,10u,3,5
풍산개,L,J,O,3,3,3,4,10u,4,4
풍산개,M,J,O,1,5,4,2,10u,5,5
풍산개,L,J,O,2,4,3,2,30u,5,3
풍산개,L,J,O,2,3,3,2,10u,4,5
풍산개,L,J,O,1,3,4,2,10u,3,4
풍산개,M,J,O,2,5,3,3,30u,4,4
풍산개,M,J,O,2,4,3,2,10u,4,5
풍산개,L,J,O,3,3,2,3,10u,3,3
풍산개,L,J,O,2,3,3,2,10u,4,5
풍산개,L,J,O,3,5,2,3,10u,5,3
풍산개,M,J,O,4,3,3,2,10u,4,5
풍산개,L,J,O,2,4,2,2,30u,3,4
풍산개,M,J,O,4,3,3,4,10u,4,4
풍산개,S,J,O,2,4,3,2,10u,5,3
풍산개,L,J,O,4,4,4,3,10u,3,5
풍산개,M,J,O,3,4,4,4,10u,4,3
풍산개,L,J,O,2,3,2,2,10u,5,5
풍산개,M,J,O,3,4,3,3,10u,3,4
풍산개,L,J,O,3,3,3,3,10u,4,4
풍산개,L,J,O,2,3,2,4,10u,4,5
풍산개,M,J,O,4,2,4,2,10u,5,5
허스키,M,A,I,4,5,5,4,30u,3,4
허스키,M,A,I,3,4,5,5,10u,3,4
허스키,M,A,I,3,5,4,3,30u,4,3
허스키,M,A,I,3,4,3,3,30u,4,4
허스키,L,A,I,3,5,4,4,30u,3,5
허스키,M,A,I,2,5,3,4,30o,4,4
허스키,L,A,I,5,3,4,4,30u,3,4
허스키,M,A,I,4,4,3,3,30u,4,5
허스키,M,A,I,4,3,3,3,10u,4,3
허스키,L,A,I,5,3,3,4,30u,4,3
허스키,L,A,I,3,3,4,3,30u,4,5
허스키,M,A,I,5,4,4,4,10u,3,4
허스키,M,A,I,3,5,4,3,30u,4,3
허스키,L,A,I,4,3,3,3,10u,4,5
허스키,L,A,I,3,3,3,4,30u,4,4
허스키,M,A,I,5,5,4,4,30u,4,5
허스키,M,A,I,3,4,3,3,10u,5,4
허스키,M,A,I,4,3,4,4,10u,4,4
허스키,M,A,I,4,5,5,2,30u,3,3
허스키,M,A,I,3,3,3,3,10u,5,4
허스키,M,A,I,5,3,2,5,10u,5,3
허스키,M,A,I,3,3,2,2,30u,3,3
허스키,M,A,I,4,3,4,4,30u,4,4
허스키,M,J,I,4,4,4,4,30u,3,4
허스키,L,J,I,4,4,4,3,10u,3,3
허스키,M,J,I,5,3,4,3,30o,3,3
허스키,L,J,IO,5,5,4,4,10u,4,4
허스키,M,J,IO,5,4,3,5,10u,4,5
허스키,M,J,O,5,3,4,4,30u,4,5
허스키,M,J,O,5,4,5,3,30u,3,3
허스키,L,J,O,4,4,3,5,10u,3,5
허스키,L,J,O,5,3,3,4,30u,4,4
허스키,L,J,O,4,5,4,4,10u,3,4
허스키,M,J,O,4,4,3,3,30u,3,3
허스키,M,J,O,3,4,3,3,10u,3,3
허스키,M,J,O,3,4,4,3,10u,2,5
허스키,S,J,O,4,5,3,4,30u,4,4
허스키,S,J,O,3,3,4,3,30u,4,4
허스키,M,J,O,4,5,4,4,10u,5,4
허스키,M,J,O,5,4,4,3,10u,5,5
허스키,M,J,O,4,3,3,3,10u,3,3
허스키,L,J,O,5,3,5,4,10u,2,3
허스키,L,J,O,4,3,4,4,30u,4,4
허스키,M,J,O,3,5,3,4,10u,5,3
허스키,L,J,O,3,5,4,4,30u,4,3
허스키,M,J,O,3,5,3,3,10u,3,4
허스키,L,J,O,4,4,4,2,30u,4,4
허스키,L,J,O,4,4,4,2,30o,4,3
허스키,L,J,O,3,4,4,2,10u,4,3
허스키,M,J,O,4,3,5,3,10u,3,4
허스키,M,J,O,3,4,3,4,10u,4,3
허스키,M,J,O,4,3,5,3,30o,5,4
허스키,M,J,O,3,4,4,3,30u,5,3
비숑,S,J,O,5,3,1,5,10u,2,3
비숑,S,A,I,4,4,2,4,10u,1,1
비숑,S,J,O,4,3,1,5,10u,2,2
비숑,S,A,I,4,3,1,5,10u,2,2
비숑,S,A,I,5,3,1,4,10u,1,3
비숑,S,A,I,5,4,1,5,10u,2,2
비숑,M,J,O,5,3,2,4,10u,2,2
비숑,M,J,O,5,3,1,5,10u,2,2
비숑,S,A,I,4,3,2,5,10u,2,2
비숑,S,A,I,5,4,1,4,10u,2,3
비숑,S,A,I,5,3,1,5,10u,2,2
비숑,S,A,I,5,3,1,4,10u,1,2
비숑,S,A,I,5,4,1,5,10u,2,2
비숑,S,A,I,3,4,1,5,10u,2,3
비숑,S,A,I,5,3,2,3,10u,2,2
비숑,S,A,I,5,3,1,5,10u,1,2
비숑,M,J,O,4,3,1,5,10u,2,2
비숑,S,A,I,5,3,2,4,10u,2,3
비숑,S,A,I,5,3,1,5,10u,2,2
비숑,S,A,I,5,4,1,4,10u,2,2
비숑,S,A,I,4,3,1,5,10u,1,2
비숑,S,A,I,5,4,1,4,10u,2,3
비숑,S,J,O,5,3,2,5,10u,2,2
비숑,S,J,O,5,3,1,4,10u,2,2
비숑,S,A,I,3,3,1,5,10u,1,1
비숑,S,A,I,5,3,1,5,10u,2,2
비숑,S,J,O,5,3,1,5,10u,2,2
비숑,S,A,I,5,3,1,3,10u,2,1
비숑,S,J,O,5,4,1,5,10u,3,2
비숑,S,A,I,4,3,1,5,10u,2,2
비숑,S,A,I,5,3,1,5,10u,2,3
비숑,S,A,I,4,3,2,5,10u,3,2
비숑,S,J,O,4,4,1,4,10u,2,2
비숑,S,J,O,5,3,2,5,10u,2,3
비숑,S,A,I,5,4,1,4,10u,2,2
비숑,S,A,I,4,3,1,5,10u,3,1
비숑,S,A,I,5,4,2,5,10u,2,2
비숑,S,A,I,5,3,1,5,10u,2,2
비숑,S,J,O,5,3,1,4,10u,2,1
비숑,S,J,O,5,3,2,5,10u,2,2
비숑,S,A,I,4,3,1,5,10u,1,2
비숑,S,A,I,5,3,2,5,10u,2,3
비숑,S,A,I,5,3,1,4,10u,2,2
비숑,S,A,I,5,3,1,5,10u,1,3
비숑,M,J,O,4,3,2,5,10u,2,2
비숑,S,A,I,4,4,1,4,10u,2,3
비숑,S,A,I,5,4,1,5,10u,1,2
비숑,S,A,I,5,4,1,5,10u,2,1
비숑,M,J,O,5,3,2,4,10u,1,2
비숑,S,A,I,4,3,2,4,10u,2,3
코카스파니엘,L,A,I,4,4,3,5,30u,2,3
코카스파니엘,L,A,I,4,4,4,5,30u,2,3
코카스파니엘,L,J,O,4,4,4,4,30u,2,4
코카스파니엘,L,A,I,4,4,4,5,30u,1,3
코카스파니엘,M,A,I,3,3,4,5,30u,2,4
코카스파니엘,L,J,O,4,4,3,4,30u,2,3
코카스파니엘,L,A,I,4,4,4,5,30u,2,3
코카스파니엘,L,J,O,3,4,4,4,30u,1,3
코카스파니엘,M,A,I,4,3,4,5,30u,2,4
코카스파니엘,M,A,I,5,4,3,4,30u,2,3
코카스파니엘,L,J,I,4,4,4,5,30u,2,3
코카스파니엘,L,J,I,5,4,4,5,30u,1,3
코카스파니엘,L,J,O,4,3,4,3,30u,2,3
코카스파니엘,L,J,I,4,4,3,5,30u,2,4
코카스파니엘,L,J,I,4,4,4,5,30u,3,3
코카스파니엘,L,J,O,3,4,4,3,30u,2,3
코카스파니엘,L,J,I,4,3,4,5,30u,2,3
코카스파니엘,L,J,O,3,4,4,3,30u,3,3
코카스파니엘,L,J,I,4,4,2,5,30u,2,2
코카스파니엘,M,A,I,4,5,4,3,30u,2,3
코카스파니엘,L,J,I,4,4,4,5,30u,1,3
코카스파니엘,L,J,I,4,4,4,4,30u,2,3
코카스파니엘,L,J,O,3,4,2,5,30u,2,2
코카스파니엘,M,A,I,4,5,4,5,30u,2,3
코카스파니엘,L,J,I,4,4,4,4,30u,2,3
코카스파니엘,L,J,I,4,4,4,4,30u,1,3
코카스파니엘,M,J,O,3,5,5,5,30u,2,3
코카스파니엘,L,J,I,4,4,4,4,30u,2,3
코카스파니엘,L,J,I,4,4,4,5,30u,2,4
코카스파니엘,L,J,O,3,5,5,5,30u,3,3
코카스파니엘,L,J,I,4,4,4,4,30u,2,3
코카스파니엘,L,J,O,4,4,4,5,30u,3,4
코카스파니엘,L,J,I,4,5,4,4,30u,2,3
코카스파니엘,M,A,I,3,4,3,5,30u,2,4
코카스파니엘,L,J,I,4,4,4,4,30u,3,3
코카스파니엘,M,A,I,4,3,4,5,30u,2,3
코카스파니엘,L,J,O,4,4,4,5,30u,2,3
코카스파니엘,L,J,I,4,4,4,3,30u,2,5
코카스파니엘,M,A,I,4,4,2,5,30u,1,3
코카스파니엘,L,J,O,4,3,4,3,30u,1,5
코카스파니엘,L,J,I,3,4,4,5,30u,2,3
코카스파니엘,M,A,I,4,4,4,3,30u,2,3
코카스파니엘,L,J,I,4,4,3,5,30u,2,5
코카스파니엘,L,J,O,4,2,4,4,30u,2,3
코카스파니엘,L,A,I,4,4,4,5,30u,2,4
코카스파니엘,L,J,I,3,4,5,4,30u,3,3
코카스파니엘,L,J,I,4,2,4,5,30u,2,3
코카스파니엘,L,J,O,4,4,4,4,30u,2,4
코카스파니엘,L,J,I,4,4,5,5,30u,3,3
코카스파니엘,M,A,I,5,3,4,4,30u,1,4
치와와,S,A,I,4,4,3,3,10u,3,2
치와와,M,A,I,5,2,1,5,30u,3,2
치와와,S,A,I,4,4,3,3,10u,2,2
치와와,S,A,I,4,4,3,3,10u,3,2
치와와,M,J,O,5,3,1,4,30u,3,3
치와와,S,A,I,4,4,3,3,10u,1,2
치와와,S,A,I,4,4,3,3,10u,3,2
치와와,M,J,O,5,2,2,4,30u,3,2
치와와,S,A,I,4,4,3,3,10u,2,3
치와와,S,A,I,5,3,2,4,10u,3,2
치와와,S,A,I,4,4,3,3,10u,2,2
치와와,S,A,I,4,4,3,3,10u,3,4
치와와,M,J,O,4,3,2,5,30u,3,2
치와와,S,A,I,4,4,3,3,10u,2,2
치와와,S,A,I,5,4,3,3,10u,3,2
치와와,S,J,O,4,5,2,3,10u,3,3
치와와,S,A,I,4,4,3,3,10u,3,2
치와와,M,A,I,3,3,1,5,30u,3,2
치와와,S,A,I,4,2,3,3,10u,2,2
치와와,S,A,I,4,4,3,3,10u,3,2
치와와,S,J,O,5,3,3,3,10u,3,2
치와와,S,A,I,4,4,3,3,10u,2,1
치와와,S,A,I,4,4,3,3,10u,3,2
치와와,M,A,I,4,4,1,4,30u,4,2
치와와,S,A,I,5,5,3,3,10u,3,3
치와와,S,J,O,4,4,3,3,10u,4,2
치와와,S,A,I,4,4,3,3,10u,3,2
치와와,M,A,I,5,3,2,4,30u,3,2
치와와,S,A,I,4,4,3,3,10u,2,3
치와와,S,A,I,4,4,3,3,10u,3,2
치와와,S,J,O,4,4,2,3,10u,2,2
치와와,S,A,I,3,4,3,3,10u,3,4
치와와,M,A,I,4,5,1,4,30u,3,2
치와와,S,A,I,4,4,3,3,10u,2,2
치와와,S,A,I,3,4,3,3,10u,3,2
치와와,S,A,I,4,4,3,3,10u,3,4
치와와,S,A,I,4,5,3,3,10u,2,2
치와와,M,J,O,4,4,2,5,30u,3,2
치와와,S,A,I,3,4,3,3,10u,3,2
치와와,S,A,I,4,3,3,3,10u,3,2
치와와,M,A,I,4,4,2,4,30u,3,2
치와와,S,A,I,5,4,3,4,10u,1,3
치와와,S,A,I,4,3,3,3,10u,3,2
치와와,M,A,I,4,4,1,5,30u,3,2
치와와,S,J,O,5,4,3,3,10u,3,3
치와와,S,A,I,4,4,3,3,10u,3,2
치와와,M,A,I,4,5,2,4,30u,2,2
치와와,S,A,I,3,4,3,3,10u,3,3
치와와,S,A,I,4,4,3,3,10u,3,2
치와와,M,A,I,4,5,1,5,30u,3,2
미니핀,M,A,I,5,5,4,5,30u,3,4
미니핀,S,J,I,4,4,3,5,10u,2,3
미니핀,S,A,I,5,5,4,4,10u,3,4
미니핀,M,J,O,4,5,3,5,30u,2,4
미니핀,S,A,I,4,4,3,5,10u,3,3
미니핀,S,A,I,3,5,4,4,10u,3,4
미니핀,M,J,O,5,3,3,5,30u,2,4
미니핀,S,A,I,5,5,4,5,10u,3,3
미니핀,S,A,I,5,3,4,3,10u,1,4
미니핀,S,J,O,4,3,4,5,30u,3,5
미니핀,M,A,I,5,5,3,5,30u,1,4
미니핀,S,J,I,5,4,4,4,10u,3,4
미니핀,S,A,I,3,5,5,5,10u,3,5
미니핀,M,A,I,5,5,4,4,30u,2,4
미니핀,S,J,O,5,4,4,5,30u,3,4
미니핀,S,A,I,4,5,5,4,10u,2,3
미니핀,M,J,I,4,4,4,5,35o,3,4
미니핀,S,A,I,5,5,4,3,30u,1,5
미니핀,S,J,O,4,4,4,5,30u,3,4
미니핀,S,A,I,5,5,5,3,30u,3,4
미니핀,S,A,I,5,5,4,4,10u,1,5
미니핀,M,J,O,4,4,4,4,35o,3,4
미니핀,S,A,I,5,5,2,5,30u,3,4
미니핀,S,A,I,4,5,4,5,10u,3,2
미니핀,S,J,O,5,4,4,4,30u,3,4
미니핀,S,J,O,5,5,4,5,10u,4,4
미니핀,M,A,I,5,5,2,5,35o,3,2
미니핀,S,A,I,5,5,4,4,30u,3,4
미니핀,S,J,O,4,4,4,5,30u,4,3
미니핀,S,A,I,5,5,2,5,30u,3,4
미니핀,M,A,I,3,5,4,3,35u,4,4
미니핀,S,J,O,5,4,4,5,30u,3,4
미니핀,S,J,O,4,5,3,5,10u,3,2
미니핀,S,A,I,5,4,4,4,30u,4,4
미니핀,M,A,I,5,5,3,5,30u,3,4
미니핀,M,J,I,5,5,4,3,30u,2,3
미니핀,S,A,I,4,4,4,5,10u,3,4
미니핀,S,A,I,5,5,2,5,10u,3,4
미니핀,S,J,O,5,4,4,3,30u,1,4
미니핀,S,A,I,5,4,4,5,10u,3,5
미니핀,M,A,I,4,5,3,3,30u,1,4
미니핀,S,A,I,5,5,4,4,30u,3,4
미니핀,S,J,O,5,5,3,5,30u,3,5
미니핀,M,A,I,4,4,4,4,35u,2,4
미니핀,S,A,I,5,5,3,4,30u,3,5
미니핀,S,A,I,5,5,4,5,30u,2,4
미니핀,S,J,O,3,4,4,4,30u,3,4
미니핀,M,A,I,5,5,3,5,35u,3,3
미니핀,S,A,I,3,5,4,4,30u,2,4
미니핀,S,J,O,5,3,3,3,10u,3,3
시츄,S,A,I,4,4,3,3,30u,1,2
시츄,S,A,I,4,4,3,3,10u,2,3
시츄,M,J,O,3,2,2,1,10u,1,2
시츄,S,A,I,3,4,3,3,30u,2,2
시츄,M,J,O,4,3,2,1,10u,1,4
시츄,S,A,I,4,4,3,3,30u,1,2
시츄,M,J,O,3,4,3,3,30o,1,4
시츄,S,J,I,4,3,2,1,10u,2,4
시츄,M,J,O,3,4,3,3,30u,1,4
시츄,S,A,I,4,4,2,3,10u,1,2
시츄,S,A,I,4,3,3,2,10u,1,3
시츄,M,J,O,3,4,4,3,30u,3,2
시츄,S,A,I,4,2,3,2,10u,1,2
시츄,S,A,I,2,4,3,3,30u,1,3
시츄,M,J,I,4,3,4,3,10u,1,2
시츄,S,A,I,2,4,3,1,30u,2,2
시츄,S,J,O,4,2,2,3,10u,1,1
시츄,S,A,I,3,4,3,3,10u,1,2
시츄,M,J,O,4,2,3,1,30u,3,1
시츄,S,A,I,4,4,4,3,10u,1,2
시츄,S,A,I,3,4,3,2,10u,1,3
시츄,S,A,I,4,3,4,3,30u,2,2
시츄,M,J,I,4,4,3,3,10u,1,4
시츄,S,J,O,2,3,3,3,35o,1,2
시츄,S,A,I,4,4,4,3,10u,1,4
시츄,S,A,I,4,4,3,2,10u,3,2
시츄,S,A,I,2,2,2,3,35o,1,3
시츄,M,J,O,4,4,3,3,10u,1,2
시츄,S,A,I,3,4,3,2,30u,2,4
시츄,S,A,I,4,2,1,3,10u,1,2
시츄,S,A,I,4,4,3,2,10u,1,2
시츄,M,J,I,3,3,2,3,30u,3,3
시츄,S,A,I,4,4,3,1,10u,1,2
시츄,S,A,I,3,4,4,3,30u,1,2
시츄,M,J,O,4,2,3,1,10u,4,3
시츄,S,A,I,3,4,3,3,10u,1,2
시츄,S,A,I,4,2,4,2,10u,1,2
시츄,S,J,O,3,4,3,3,30u,1,3
시츄,M,A,I,4,2,4,2,10u,4,3
시츄,S,J,O,2,4,3,3,10u,1,2
시츄,S,A,I,4,3,3,4,30u,2,4
시츄,M,A,I,2,4,5,3,10u,1,2
시츄,S,J,O,4,3,3,3,10u,1,4
시츄,S,A,I,3,4,5,4,10u,2,2
시츄,S,A,I,4,3,3,3,10u,1,2
시츄,M,J,O,3,4,4,4,10u,1,3
시츄,S,A,I,2,2,3,3,35o,2,2
시츄,S,A,I,2,4,4,5,10u,1,2
시츄,M,A,I,4,4,3,3,10u,1,2
시츄,M,J,O,4,2,4,4,10u,1,3
웰시코기,M,A,I,4,3,5,1,10u,2,1
웰시코기,S,J,O,4,3,4,2,10u,1,2
웰시코기,S,J,O,3,4,3,1,30u,2,1
웰시코기,M,A,I,4,3,5,1,10u,2,1
웰시코기,M,A,I,3,3,5,2,30u,1,2
웰시코기,S,J,O,4,4,3,1,10u,2,1
웰시코기,M,A,I,4,3,5,2,30u,2,2
웰시코기,S,A,I,3,4,5,1,10u,1,1
웰시코기,M,J,I,4,3,3,1,10u,2,1
웰시코기,M,J,O,2,2,5,3,30u,2,3
웰시코기,S,A,I,4,3,3,1,10u,3,1
웰시코기,M,A,I,4,3,5,1,10u,2,1
웰시코기,M,J,O,2,2,4,3,10u,2,3
웰시코기,S,A,I,4,3,5,3,10u,3,1
웰시코기,S,A,I,4,3,5,1,30u,2,3
웰시코기,M,J,O,5,2,4,3,10u,2,1
웰시코기,M,A,I,4,3,5,1,10u,1,1
웰시코기,M,A,I,4,4,5,2,30o,2,2
웰시코기,S,A,I,5,3,4,1,10u,1,1
웰시코기,M,A,I,4,3,5,1,10u,2,1
웰시코기,M,J,I,4,4,3,2,10u,2,4
웰시코기,M,A,I,4,3,5,1,30u,1,1
웰시코기,S,J,I,2,2,5,1,10u,2,4
웰시코기,M,A,I,4,4,3,2,10u,4,1
웰시코기,M,J,O,2,3,5,1,10u,2,4
웰시코기,S,A,I,4,5,5,3,10u,2,1
웰시코기,M,A,I,4,3,4,4,30o,2,2
웰시코기,M,J,O,4,5,5,1,10u,4,1
웰시코기,S,A,I,3,3,5,1,30u,2,1
웰시코기,S,A,I,4,3,4,4,10u,2,2
웰시코기,M,J,O,3,5,5,1,10u,4,1
웰시코기,M,A,I,4,3,4,4,30u,2,1
웰시코기,M,A,I,4,3,5,5,10u,2,2
웰시코기,S,A,I,3,2,4,1,10u,4,1
웰시코기,M,J,O,4,3,5,1,30u,2,3
웰시코기,M,A,I,3,2,3,5,10u,2,1
웰시코기,M,A,I,4,3,5,1,10u,1,1
웰시코기,S,A,I,2,3,4,5,10u,2,3
웰시코기,S,A,I,4,2,5,1,10u,2,1
웰시코기,M,J,O,4,3,5,1,30u,2,3
웰시코기,M,A,I,2,3,4,3,10u,1,1
웰시코기,M,A,I,4,3,5,1,10u,2,3
웰시코기,S,J,O,4,3,4,4,30u,1,1
웰시코기,M,A,I,5,4,5,1,10u,2,1
웰시코기,M,J,O,4,3,5,4,10u,2,3
웰시코기,S,A,I,4,5,5,1,30u,1,1
웰시코기,M,A,I,5,3,4,2,10u,2,4
웰시코기,M,J,O,4,4,5,1,10u,2,1
웰시코기,M,A,I,2,3,5,2,30u,4,1
웰시코기,S,A,I,4,3,3,1,10u,2,3
요크셔테리어,S,A,I,5,5,5,4,30u,2,3
요크셔테리어,M,J,O,4,5,4,3,30u,1,2
요크셔테리어,S,A,I,5,4,5,4,10u,2,3
요크셔테리어,S,A,I,4,5,5,5,30u,2,3
요크셔테리어,M,J,O,5,4,4,4,10u,1,2
요크셔테리어,S,J,O,4,5,5,3,30u,2,3
요크셔테리어,M,A,I,5,5,3,4,10u,3,4
요크셔테리어,S,J,O,3,4,5,4,30u,2,3
요크셔테리어,S,A,I,5,5,5,3,30o,2,3
요크셔테리어,M,J,O,3,5,4,4,30u,3,2
요크셔테리어,S,A,I,5,3,5,5,10u,2,3
요크셔테리어,M,A,I,5,5,3,3,30u,2,2
요크셔테리어,S,A,I,3,3,5,4,30u,1,3
요크셔테리어,S,J,O,5,5,5,4,10u,2,4
요크셔테리어,M,A,I,5,4,4,3,30u,2,3
요크셔테리어,S,A,I,4,5,5,4,30u,1,4
요크셔테리어,S,J,O,5,4,2,4,10u,2,3
요크셔테리어,M,A,I,4,5,5,3,30u,2,2
요크셔테리어,S,A,I,5,3,2,4,30u,1,2
요크셔테리어,S,A,I,4,3,5,5,30o,2,3
요크셔테리어,M,J,I,5,5,4,4,30u,3,3
요크셔테리어,S,A,I,4,5,5,5,30u,2,4
요크셔테리어,S,A,I,5,3,2,4,30o,3,3
요크셔테리어,M,J,O,3,5,5,3,30u,2,1
요크셔테리어,S,A,I,5,5,2,4,30u,2,3
요크셔테리어,S,A,I,3,3,5,4,10u,1,1
요크셔테리어,M,A,I,5,5,4,3,30u,2,3
요크셔테리어,S,A,I,5,2,5,4,10u,1,1
요크셔테리어,M,A,I,4,5,3,4,30u,2,3
요크셔테리어,S,J,O,5,5,5,5,10u,1,4
요크셔테리어,S,A,I,5,2,3,4,30u,2,3
요크셔테리어,M,A,I,4,5,5,4,30u,3,4
요크셔테리어,S,J,O,5,2,3,5,30o,2,3
요크셔테리어,S,A,I,4,5,5,4,30u,1,4
요크셔테리어,M,A,I,5,3,4,5,10u,2,3
요크셔테리어,S,A,I,4,5,5,4,30u,1,4
요크셔테리어,M,J,I,5,3,4,3,30u,2,3
요크셔테리어,S,A,I,4,5,3,4,10u,1,2
요크셔테리어,S,A,I,5,4,3,3,30u,2,3
요크셔테리어,S,J,I,3,5,5,4,30u,3,2
요크셔테리어,S,A,I,5,4,5,3,10u,2,2
요크셔테리어,M,A,I,3,5,5,4,30u,1,3
요크셔테리어,S,J,O,2,4,3,3,30u,3,3
요크셔테리어,S,A,I,5,5,5,4,30u,2,2
요크셔테리어,S,A,I,2,3,5,5,30o,3,3
요크셔테리어,M,J,I,5,5,3,4,30u,2,2
요크셔테리어,S,J,O,2,3,5,5,30u,3,3
요크셔테리어,S,A,I,5,5,5,5,10u,3,1
요크셔테리어,M,A,I,2,4,5,4,30u,2,3
요크셔테리어,M,J,O,2,4,2,5,30u,3,3
포메라니안,S,A,I,1,5,5,5,30o,5,1
포메라니안,S,A,I,2,4,5,5,30u,4,1
포메라니안,S,A,I,2,4,5,5,10u,4,2
포메라니안,S,A,I,2,4,5,5,10u,5,1
포메라니안,S,A,I,1,5,4,5,10u,5,2
포메라니안,S,A,I,1,5,4,5,10u,5,2
포메라니안,S,A,I,2,4,4,5,30u,5,1
포메라니안,S,A,I,2,5,4,5,10u,4,1
슈나우저,S,A,I,2,4,5,5,30o,4,3
슈나우저,M,A,I,2,4,5,5,30u,4,3
슈나우저,M,A,I,2,4,5,5,10u,4,3
슈나우저,S,A,I,2,4,5,5,30u,4,3
슈나우저,S,A,I,2,4,4,5,10u,4,4
슈나우저,M,A,I,2,4,5,5,30u,4,3
슈나우저,M,A,I,2,4,5,5,10u,3,3
슈나우저,S,A,I,2,4,4,5,10u,3,4
슈나우저,M,A,I,2,4,5,5,10u,3,4
슈나우저,M,A,I,2,4,5,5,10u,3,4
슈나우저,M,A,I,2,4,5,5,30o,3,4
슈나우저,M,A,I,2,4,5,5,10u,3,4
슈나우저,M,A,I,2,4,5,5,30o,3,4
슈나우저,M,A,I,3,4,5,5,30u,3,4
슈나우저,M,A,I,3,4,5,5,10u,3,4
슈나우저,M,A,I,3,5,5,5,30u,3,4
슈나우저,M,A,I,3,5,5,5,10u,4,4
슈나우저,M,A,I,3,5,5,5,30u,4,4
슈나우저,M,A,I,3,5,5,5,10u,3,4
슈나우저,M,A,I,3,5,4,5,10u,3,4
슈나우저,M,A,I,3,5,5,5,10u,3,4
슈나우저,M,A,I,3,5,4,5,10u,3,4
슈나우저,M,A,I,3,5,4,5,30o,3,4
골든 리트리버,M,A,I,3,3,5,5,10u,1,2
골든 리트리버,L,A,I,1,3,5,5,30o,1,2
골든 리트리버,L,A,I,2,3,5,4,30u,1,2
골든 리트리버,L,A,I,2,3,5,5,10u,1,2
골든 리트리버,L,A,I,2,5,4,5,30u,2,2
골든 리트리버,L,A,I,2,4,4,4,10u,3,3
골든 리트리버,L,A,I,2,4,4,5,30u,2,2
골든 리트리버,M,A,I,1,5,5,5,10u,2,3
골든 리트리버,M,A,I,1,4,5,5,10u,2,3
골든 리트리버,M,A,I,1,4,5,5,10u,2,3
골든 리트리버,M,A,I,1,5,5,5,10u,2,3
골든 리트리버,L,A,I,2,4,4,5,30o,3,2
골든 리트리버,L,A,I,2,5,4,5,10u,3,2
골든 리트리버,L,A,I,2,5,5,4,30o,3,2
골든 리트리버,L,A,I,2,4,5,5,30u,3,2
골든 리트리버,L,A,I,1,4,5,5,10u,3,2
골든 리트리버,L,A,I,1,3,5,5,30u,3,2
골든 리트리버,L,A,I,2,5,5,4,10u,3,3
골든 리트리버,L,A,I,2,5,5,5,30o,3,3
골든 리트리버,M,A,I,1,5,4,5,30u,2,2
골든 리트리버,M,A,I,1,5,4,5,10u,2,3
포메라니안,S,J,I,2,4,5,5,30u,5,2
포메라니안,S,J,I,2,5,4,5,10u,5,1
포메라니안,S,J,I,1,5,4,5,30u,5,1
포메라니안,S,J,I,2,5,4,5,10u,4,1
포메라니안,S,J,I,2,4,4,5,10u,5,1
포메라니안,S,J,I,2,4,5,5,10u,5,1
포메라니안,M,J,I,2,4,4,5,10u,4,2
포메라니안,M,J,I,2,5,4,5,30o,5,2
포메라니안,S,J,I,1,5,5,5,10u,5,2
포메라니안,S,J,I,2,4,5,5,30o,5,2
포메라니안,S,J,I,2,4,4,5,30o,5,2
포메라니안,M,J,I,2,4,4,5,30o,5,2
포메라니안,S,J,I,2,4,5,5,30o,4,2
포메라니안,S,J,I,2,5,4,5,10u,5,2
포메라니안,S,J,I,2,5,4,5,30u,5,2
포메라니안,S,J,I,2,4,4,5,10u,5,2
포메라니안,S,J,I,2,4,4,5,30o,5,1
포메라니안,S,J,I,2,4,5,5,30u,5,1
포메라니안,S,J,I,2,5,4,5,10u,5,1
포메라니안,M,J,I,2,5,4,5,30u,5,1
포메라니안,M,J,I,2,4,4,5,10u,5,1
포메라니안,M,J,I,2,4,4,5,30u,5,1
포메라니안,S,J,I,2,4,5,5,10u,5,1
포메라니안,S,J,I,2,5,5,5,10u,5,2
포메라니안,S,J,I,1,4,4,5,10u,5,2
포메라니안,S,J,I,2,4,4,5,10u,5,2
포메라니안,S,J,I,2,4,5,5,30o,5,2
포메라니안,S,J,I,2,4,5,5,10u,4,2
포메라니안,S,J,I,2,5,4,5,10u,4,2
포메라니안,S,J,I,2,5,4,5,30u,5,2
포메라니안,S,J,I,2,5,5,5,10u,5,2
포메라니안,S,J,I,2,4,5,5,30o,4,2
포메라니안,S,J,I,2,4,4,5,30u,4,1
포메라니안,S,J,I,1,4,4,5,10u,4,2
포메라니안,S,J,I,1,5,4,5,30u,5,2
포메라니안,S,J,I,1,4,5,5,10u,4,1
포메라니안,S,J,I,1,4,4,5,30u,4,1
포메라니안,S,J,I,1,4,4,5,10u,5,1
포메라니안,S,J,I,1,5,4,5,10u,4,1
포메라니안,S,J,I,1,5,5,5,10u,5,2
포메라니안,S,J,I,1,4,5,5,10u,4,2
포메라니안,S,J,I,1,4,4,5,30o,5,1
러프콜리,L,J,O,1,5,4,5,10u,1,5
러프콜리,L,J,O,1,5,5,5,10u,1,5
러프콜리,L,J,O,1,5,5,5,30u,1,5
러프콜리,L,J,O,1,5,5,5,10u,1,5
러프콜리,M,J,O,1,5,5,5,30o,2,5
러프콜리,L,J,O,1,5,5,5,30u,2,5
러프콜리,L,J,O,1,5,4,5,10u,1,4
러프콜리,M,J,O,1,4,5,5,30u,2,5
러프콜리,M,J,O,2,5,4,5,10u,2,4
러프콜리,M,J,O,1,4,5,4,30u,1,5
러프콜리,M,J,O,2,4,4,4,10u,2,4
러프콜리,M,J,O,1,4,5,5,10u,1,5
러프콜리,L,J,O,2,5,4,4,10u,1,4
러프콜리,L,J,O,1,4,5,5,10u,1,5
러프콜리,L,J,O,2,5,4,4,30o,1,4
러프콜리,L,J,O,1,4,5,5,10u,1,5
러프콜리,M,J,O,1,5,4,4,30o,2,4
러프콜리,M,J,O,2,4,5,5,30o,2,5
러프콜리,M,J,O,2,5,4,4,30o,2,5
러프콜리,L,J,O,1,4,5,5,30o,2,4
러프콜리,L,J,O,2,5,4,5,30o,5,5
러프콜리,L,J,O,1,4,5,4,30o,1,5
러프콜리,L,J,O,2,5,4,4,30o,1,5
러프콜리,L,J,O,1,4,5,4,30o,1,5
러프콜리,M,J,O,2,5,4,4,30o,1,4
러프콜리,M,J,O,1,4,5,5,30o,1,4
러프콜리,M,J,O,1,5,4,5,30o,3,4
러프콜리,M,J,O,1,4,5,5,30o,2,4
러프콜리,L,J,O,2,5,4,4,30o,1,5
러프콜리,L,J,O,1,4,5,4,30o,1,4
러프콜리,M,J,O,2,5,5,4,30o,3,5
러프콜리,M,J,O,1,4,4,4,30o,3,4
러프콜리,M,J,O,2,4,4,5,30u,3,5
러프콜리,M,J,O,1,4,4,5,30o,3,4
러프콜리,L,J,O,1,5,4,5,30o,2,5
러프콜리,L,J,O,2,5,4,5,30u,1,4
러프콜리,L,J,O,1,5,4,4,30o,1,5
러프콜리,M,J,O,2,5,4,4,30o,2,4
러프콜리,M,J,O,1,5,5,4,30o,2,5
러프콜리,M,J,O,2,4,5,5,30o,2,4
러프콜리,M,J,O,1,5,5,4,30o,1,5
러프콜리,M,J,O,2,4,5,5,30o,2,4
러프콜리,M,J,O,1,4,5,4,30o,1,5
러프콜리,M,J,O,2,4,5,5,30u,1,4
러프콜리,M,J,O,1,4,5,4,30o,1,5
러프콜리,M,J,O,2,5,4,5,30o,1,4
러프콜리,M,J,O,1,5,5,4,30o,1,4
러프콜리,M,J,O,2,5,5,5,30o,1,5
러프콜리,M,J,O,1,4,4,4,30u,1,4
러프콜리,M,J,O,2,5,5,5,30o,2,4
보더콜리,L,J,O,1,5,4,4,30o,1,5
보더콜리,M,J,O,2,5,5,5,30o,1,5
보더콜리,L,J,O,1,5,5,5,30o,2,4
보더콜리,L,J,O,2,4,5,5,30o,3,5
보더콜리,L,J,O,1,5,4,4,30o,2,4
보더콜리,M,J,O,2,4,4,4,30o,1,5
보더콜리,L,J,O,1,5,4,4,30u,3,4
보더콜리,L,J,O,2,4,4,4,30o,2,5
보더콜리,L,J,O,1,5,5,5,30o,1,4
보더콜리,L,J,O,2,4,5,5,30u,3,5
보더콜리,M,J,O,1,5,5,5,30o,2,4
보더콜리,M,J,O,2,5,5,5,30u,1,5
보더콜리,M,J,O,1,5,4,4,30o,2,4
보더콜리,M,J,O,2,5,4,4,30o,1,5
보더콜리,M,J,O,1,5,4,4,30u,2,4
보더콜리,L,J,O,2,5,5,5,30o,1,5
보더콜리,M,J,O,1,4,4,4,30o,3,4
보더콜리,M,J,O,2,5,5,5,30o,2,5
보더콜리,M,J,O,1,5,4,4,30o,1,4
보더콜리,M,J,O,2,4,5,5,30o,2,5
보더콜리,L,J,O,1,4,4,4,30o,3,4
보더콜리,L,J,O,2,5,5,5,30o,2,5
보더콜리,L,J,O,1,4,4,4,30u,1,4
보더콜리,L,J,O,2,5,5,5,30o,3,4
보더콜리,M,J,O,2,4,4,4,30o,2,4
보더콜리,L,J,O,1,5,5,5,30o,3,4
보더콜리,L,J,O,2,4,4,4,30o,2,5
보더콜리,L,J,O,1,5,5,5,30u,2,4
보더콜리,M,J,O,2,4,5,5,30o,1,5
보더콜리,M,J,O,1,5,5,5,10u,1,4
보더콜리,M,J,O,2,4,4,4,30u,1,5
보더콜리,M,J,O,1,5,4,4,10u,1,4
보더콜리,L,J,O,2,4,4,4,30o,1,5
보더콜리,L,J,O,1,5,4,4,30u,1,4
보더콜리,M,J,O,2,5,5,5,10u,1,5
보더콜리,M,J,O,1,4,5,5,30u,2,4
보더콜리,L,J,O,2,5,5,5,10u,2,5
보더콜리,L,J,O,1,4,5,5,30u,2,4
보더콜리,L,J,O,2,4,4,4,10u,2,5
보더콜리,L,J,O,1,4,4,4,10u,2,5
보더콜리,M,J,O,2,4,4,4,10u,2,4
보더콜리,M,J,O,1,4,5,5,10u,1,5
보더콜리,M,J,O,2,5,4,4,30o,1,4
보더콜리,M,J,O,1,5,5,5,10u,1,5
보더콜리,M,J,O,1,4,4,4,30o,2,4
보더콜리,M,J,O,2,5,5,5,30o,2,5
보더콜리,M,J,O,1,5,4,4,30o,2,4
보더콜리,M,J,O,1,4,5,5,10u,1,4
보더콜리,L,J,O,2,5,4,4,30u,1,5
보더콜리,L,J,O,2,4,5,5,10u,1,4
차우차우,S,J,O,5,1,4,1,30o,2,5
차우차우,S,J,O,4,2,5,2,30u,2,5
차우차우,M,J,O,5,1,4,1,10u,2,4
차우차우,S,J,O,5,2,5,2,30u,5,5
차우차우,S,J,O,5,1,5,1,10u,4,4
차우차우,M,J,O,4,2,5,2,30u,4,5
차우차우,M,J,O,5,1,4,1,10u,4,5
차우차우,M,J,O,4,2,4,2,10u,5,5
차우차우,M,J,O,5,1,4,1,10u,5,4
차우차우,S,J,O,4,2,4,2,10u,5,5
차우차우,S,J,O,5,1,5,1,10u,5,4
차우차우,S,J,O,4,2,5,2,30u,2,5
차우차우,M,J,O,5,1,5,1,10u,2,4
차우차우,M,J,O,4,2,5,2,30o,3,5
차우차우,S,J,O,5,1,4,1,30u,3,4
차우차우,S,J,O,4,2,4,2,10u,2,5
차우차우,S,J,O,5,2,4,1,30u,3,4
차우차우,S,J,O,4,2,5,2,10u,2,5
차우차우,S,J,O,5,3,4,1,30u,2,4
차우차우,S,J,O,4,2,5,2,10u,2,5
차우차우,S,J,O,4,3,4,1,10u,2,4
차우차우,S,J,O,4,2,5,2,10u,2,5
차우차우,M,J,O,4,3,4,1,10u,3,4
차우차우,M,J,O,4,3,5,2,30o,3,4
차우차우,M,J,O,4,3,4,1,10u,3,5
차우차우,S,J,O,3,3,5,2,10u,2,5
차우차우,S,J,O,4,3,4,1,10u,3,4
차우차우,S,J,O,3,4,5,2,10u,2,5
차우차우,S,J,O,4,3,5,1,30o,3,4
차우차우,M,J,O,4,4,4,2,10u,2,5
차우차우,M,J,O,3,3,5,1,30u,3,5
차우차우,M,J,O,4,4,4,2,10u,2,5
차우차우,S,J,O,3,3,5,1,30u,3,5
차우차우,S,J,O,4,4,4,2,10u,2,4
차우차우,S,J,O,3,3,5,1,10u,3,4
차우차우,S,J,O,2,4,4,2,10u,2,4
차우차우,M,J,O,3,3,4,1,10u,2,5
차우차우,M,J,O,2,4,5,2,30o,2,4
차우차우,M,J,O,5,4,5,1,10u,3,5
차우차우,S,J,O,2,3,5,2,30u,2,5
차우차우,S,J,O,2,3,5,1,10u,3,5
차우차우,M,J,O,2,3,5,2,30u,2,5
차우차우,S,J,O,2,3,5,1,10u,3,4
차우차우,S,J,O,2,4,4,2,10u,2,4
차우차우,M,J,O,3,4,5,1,10u,2,5
차우차우,M,J,O,2,4,4,2,10u,2,5
차우차우,M,J,O,2,3,5,1,30o,3,5
차우차우,M,J,O,3,4,5,2,10u,3,4
차우차우,M,J,O,2,3,5,1,10u,3,5
차우차우,M,J,O,3,4,5,2,30u,3,5
셰퍼트,L,J,O,2,5,4,5,10u,3,4
셰퍼트,L,J,O,2,4,5,4,10u,2,5
셰퍼트,L,J,O,2,5,4,5,10u,2,5
셰퍼트,L,J,O,3,5,5,4,10u,2,4
셰퍼트,L,J,O,3,5,4,5,30o,3,5
셰퍼트,L,J,O,3,4,5,4,10u,2,4
셰퍼트,L,J,O,3,5,4,5,30u,3,5
셰퍼트,L,J,O,3,4,4,4,10u,2,4
셰퍼트,L,J,O,2,5,4,5,30o,3,5
셰퍼트,L,J,O,2,4,5,4,30u,2,4
셰퍼트,L,J,O,2,5,5,5,10u,3,5
셰퍼트,L,J,O,2,4,4,5,30u,2,4
셰퍼트,L,J,O,2,5,5,4,10u,3,5
셰퍼트,L,J,O,3,4,4,5,30u,2,4
셰퍼트,L,J,O,3,5,5,5,10u,2,5
셰퍼트,M,J,O,3,4,4,4,10u,3,4
셰퍼트,L,J,O,2,5,5,5,10u,3,5
셰퍼트,L,J,O,3,5,4,4,10u,3,4
셰퍼트,L,J,O,3,4,5,5,30o,3,5
셰퍼트,M,J,O,3,5,4,4,10u,3,4
셰퍼트,L,J,O,3,4,5,5,10u,3,5
셰퍼트,L,J,O,3,4,4,4,10u,3,4
셰퍼트,L,J,O,2,4,5,5,10u,2,5
셰퍼트,L,J,O,2,4,4,4,10u,2,5
셰퍼트,M,J,O,2,5,5,5,30o,2,5
셰퍼트,L,J,O,2,5,4,4,10u,2,4
셰퍼트,L,J,O,3,5,5,5,30u,3,4
셰퍼트,L,J,O,3,5,4,4,10u,3,4
셰퍼트,L,J,O,3,5,5,5,10u,2,5
셰퍼트,M,J,O,2,4,4,4,10u,3,4
셰퍼트,M,J,O,2,5,5,5,10u,2,5
셰퍼트,L,J,O,2,4,4,4,30o,3,4
셰퍼트,L,J,O,3,5,5,5,10u,2,5
셰퍼트,L,J,O,3,4,5,4,30o,3,4
셰퍼트,M,J,O,3,5,4,5,30u,2,5
셰퍼트,L,J,O,3,4,4,4,10u,3,4
셰퍼트,L,J,O,2,5,4,5,30u,2,5
셰퍼트,L,J,O,3,4,4,4,10u,3,5
셰퍼트,L,J,O,3,5,4,5,30u,2,5
셰퍼트,L,J,O,3,4,5,4,10u,3,5
셰퍼트,L,J,O,3,5,5,5,10u,2,5
셰퍼트,L,J,O,3,4,5,4,10u,3,5
셰퍼트,L,J,O,3,5,5,5,10u,2,5
셰퍼트,L,J,O,2,4,5,4,30o,3,5
셰퍼트,L,J,O,2,5,4,5,10u,2,5
셰퍼트,L,J,O,2,4,4,4,30u,3,5
셰퍼트,L,J,O,2,5,4,5,10u,2,4
셰퍼트,L,J,O,2,4,4,4,10u,3,4
셰퍼트,L,J,O,2,5,5,5,10u,2,4
셰퍼트,L,J,O,2,4,5,4,10u,3,5
슈나우저,S,J,IO,2,5,5,5,30o,2,3
슈나우저,S,J,IO,2,5,5,4,10u,3,4
슈나우저,S,J,IO,2,4,4,5,30o,4,3
슈나우저,S,J,IO,3,5,5,4,30o,3,4
슈나우저,M,J,IO,3,5,4,4,30o,3,4
슈나우저,M,J,IO,3,5,4,4,10u,3,4
슈나우저,S,J,IO,3,5,4,4,30u,3,4
슈나우저,S,J,IO,3,5,4,4,10u,3,4
슈나우저,S,J,IO,3,5,5,4,30o,3,4
슈나우저,M,J,IO,3,5,4,4,30u,4,3
슈나우저,M,J,IO,3,5,4,4,10u,4,3
슈나우저,M,J,IO,2,5,5,4,30u,4,3
슈나우저,S,J,IO,2,5,4,4,10u,4,3
슈나우저,S,J,IO,3,5,4,4,30u,4,3
슈나우저,S,J,IO,3,5,4,4,10u,4,3
슈나우저,S,J,IO,3,5,4,4,10u,4,3
슈나우저,S,J,IO,3,5,4,4,10u,4,3
슈나우저,S,J,IO,2,5,4,4,10u,4,3
슈나우저,S,J,IO,2,4,4,4,30o,4,3
슈나우저,S,J,IO,2,5,4,4,10u,4,3
슈나우저,S,J,IO,2,4,4,4,30o,4,3
슈나우저,S,J,IO,2,4,4,4,10u,3,3
슈나우저,S,J,IO,2,4,4,4,30o,3,3
슈나우저,S,J,IO,2,4,5,4,30o,4,3
슈나우저,S,J,IO,2,4,5,4,30u,4,4
슈나우저,S,J,IO,2,4,5,4,30o,4,4
슈나우저,S,J,IO,2,4,5,4,10u,4,3
골든 리트리버,M,J,IO,2,4,4,4,30o,2,3
골든 리트리버,L,J,IO,1,4,4,5,30o,2,3
골든 리트리버,L,J,IO,1,4,4,5,30o,2,3
골든 리트리버,L,J,IO,1,4,5,4,30o,2,3
골든 리트리버,L,J,IO,1,3,5,5,10u,3,3
골든 리트리버,L,J,IO,2,4,5,4,30o,2,2
골든 리트리버,M,J,IO,1,5,5,5,30o,2,3
골든 리트리버,M,J,IO,1,5,5,4,30o,2,3
골든 리트리버,L,J,IO,2,4,4,4,30o,2,2
골든 리트리버,M,J,IO,1,5,5,5,30o,3,2
골든 리트리버,L,J,IO,2,5,4,5,30o,2,3
골든 리트리버,M,J,IO,1,4,5,4,30u,2,2
골든 리트리버,L,J,IO,2,5,4,5,30o,3,2
골든 리트리버,L,J,IO,2,5,4,4,10u,3,2
골든 리트리버,L,J,IO,2,4,4,4,30u,3,2
골든 리트리버,M,J,IO,1,5,5,4,10u,2,3
골든 리트리버,M,J,IO,1,5,5,5,30o,3,3
골든 리트리버,M,J,IO,1,4,4,5,30u,2,3
골든 리트리버,M,J,IO,1,4,4,4,10u,2,3
골든 리트리버,M,J,IO,2,4,4,4,30u,2,2
골든 리트리버,M,J,IO,1,5,4,5,10u,2,3
골든 리트리버,M,J,IO,1,5,4,5,30u,2,2
골든 리트리버,M,J,IO,2,5,4,4,10u,2,2
골든 리트리버,L,J,IO,1,4,5,5,10u,3,2
골든 리트리버,L,J,IO,2,4,5,4,10u,3,2
골든 리트리버,M,J,IO,1,3,5,5,10u,2,2
골든 리트리버,L,J,IO,2,3,4,5,30o,3,3
골든 리트리버,M,J,IO,1,4,5,5,10u,2,3
골든 리트리버,L,J,IO,2,4,4,4,10u,3,2
